sintoma,falla
Luz Check Engine encendida con codigo de falla P0100: P0101,Falla de sensores del sistema del vehiculo
Luz Check Engine encendida con codigo de falla P0100: P0102,Falla de sensores del sistema del vehiculo
Luz Check Engine encendida con codigo de falla P0100: P0103,Falla de sensores del sistema del vehiculo
Luz Check Engine encendida con codigo de falla P0100: P0104,Falla de sensores del sistema del vehiculo
Luz Check Engine encendida con codigo de falla P0100: P0105,Falla de sensores del sistema del vehiculo
Luz Check Engine encendida con codigo de falla P0100: P0106,Falla de sensores del sistema del vehiculo
Luz Check Engine encendida con codigo de falla P0100: P0107,Falla de sensores del sistema del vehiculo
Luz Check Engine encendida con codigo de falla P0100: P0108,Falla de sensores del sistema del vehiculo
Luz Check Engine encendida con codigo de falla P0100: P0109,Falla de sensores del sistema del vehiculo
Luz Check Engine encendida con codigo de falla P0100: P0110,Falla de sensores del sistema del vehiculo
Luz Check Engine encendida con codigo de falla P0100: P0111,Falla de sensores del sistema del vehiculo
Luz Check Engine encendida con codigo de falla P0100: P0112,Falla de sensores del sistema del vehiculo
Luz Check Engine encendida con codigo de falla P0100: P0113,Falla de sensores del sistema del vehiculo
Luz Check Engine encendida con codigo de falla P0100: P0114,Falla de sensores del sistema del vehiculo
Luz Check Engine encendida con codigo de falla P0100: P0115,Falla de sensores del sistema del vehiculo
Luz Check Engine encendida con codigo de falla P0100: P0116,Falla de sensores del sistema del vehiculo
Luz Check Engine encendida con codigo de falla P0100: P0117,Falla de sensores del sistema del vehiculo
Luz Check Engine encendida con codigo de falla P0100: P0118,Falla de sensores del sistema del vehiculo
Luz Check Engine encendida con codigo de falla P0100: P0119,Falla de sensores del sistema del vehiculo
Luz Check Engine encendida con codigo de falla P0100: P0120,Falla de sensores del sistema del vehiculo
Luz Check Engine encendida con codigo de falla P0100: P0121,Falla de sensores del sistema del vehiculo
Luz Check Engine encendida con codigo de falla P0100: P0122,Falla de sensores del sistema del vehiculo
Luz Check Engine encendida con codigo de falla P0100: P0123,Falla de sensores del sistema del vehiculo
Luz Check Engine encendida con codigo de falla P0100: P0124,Falla de sensores del sistema del vehiculo
Luz Check Engine encendida con codigo de falla P0100: P0125,Falla de sensores del sistema del vehiculo
Luz Check Engine encendida con codigo de falla P0100: P0126,Falla de sensores del sistema del vehiculo
Luz Check Engine encendida con codigo de falla P0100: P0128,Falla de sensores del sistema del vehiculo
Luz Check Engine encendida con codigo de falla P0100: P0130,Falla de sensores del sistema del vehiculo
Luz Check Engine encendida con codigo de falla P0100: P0131,Falla de sensores del sistema del vehiculo
Luz Check Engine encendida con codigo de falla P0100: P0132,Falla de sensores del sistema del vehiculo
Luz Check Engine encendida con codigo de falla P0100: P0133,Falla de sensores del sistema del vehiculo
Luz Check Engine encendida con codigo de falla P0100: P0134,Falla de sensores del sistema del vehiculo
Luz Check Engine encendida con codigo de falla P0100: P0135,Falla de sensores del sistema del vehiculo
Luz Check Engine encendida con codigo de falla P0100: P0136,Falla de sensores del sistema del vehiculo
Luz Check Engine encendida con codigo de falla P0100: P0137,Falla de sensores del sistema del vehiculo
Luz Check Engine encendida con codigo de falla P0100: P0138,Falla de sensores del sistema del vehiculo
Luz Check Engine encendida con codigo de falla P0100: P0139,Falla de sensores del sistema del vehiculo
Luz Check Engine encendida con codigo de falla P0100: P0140,Falla de sensores del sistema del vehiculo
Luz Check Engine encendida con codigo de falla P0100: P0141,Falla de sensores del sistema del vehiculo
Luz Check Engine encendida con codigo de falla P0100: P0142,Falla de sensores del sistema del vehiculo
Luz Check Engine encendida con codigo de falla P0100: P0143,Falla de sensores del sistema del vehiculo
Luz Check Engine encendida con codigo de falla P0100: P0144,Falla de sensores del sistema del vehiculo
Luz Check Engine encendida con codigo de falla P0100: P0145,Falla de sensores del sistema del vehiculo
Luz Check Engine encendida con codigo de falla P0100: P0146,Falla de sensores del sistema del vehiculo
Luz Check Engine encendida con codigo de falla P0100: P0147,Falla de sensores del sistema del vehiculo
Luz Check Engine encendida con codigo de falla P0100: P0150,Falla de sensores del sistema del vehiculo
Luz Check Engine encendida con codigo de falla P0100: P0151,Falla de sensores del sistema del vehiculo
Luz Check Engine encendida con codigo de falla P0100: P0152,Falla de sensores del sistema del vehiculo
Luz Check Engine encendida con codigo de falla P0100: P0153,Falla de sensores del sistema del vehiculo
Luz Check Engine encendida con codigo de falla P0100: P0154,Falla de sensores del sistema del vehiculo
Luz Check Engine encendida con codigo de falla P0100: P0155,Falla de sensores del sistema del vehiculo
Luz Check Engine encendida con codigo de falla P0100: P0156,Falla de sensores del sistema del vehiculo
Luz Check Engine encendida con codigo de falla P0100: P0157,Falla de sensores del sistema del vehiculo
Luz Check Engine encendida con codigo de falla P0100: P0158,Falla de sensores del sistema del vehiculo
Luz Check Engine encendida con codigo de falla P0100: P0159,Falla de sensores del sistema del vehiculo
Luz Check Engine encendida con codigo de falla P0100: P0160,Falla de sensores del sistema del vehiculo
Luz Check Engine encendida con codigo de falla P0100: P0161,Falla de sensores del sistema del vehiculo
Luz Check Engine encendida con codigo de falla P0100: P0162,Falla de sensores del sistema del vehiculo
Luz Check Engine encendida con codigo de falla P0100: P0163,Falla de sensores del sistema del vehiculo
Luz Check Engine encendida con codigo de falla P0100: P0164,Falla de sensores del sistema del vehiculo
Luz Check Engine encendida con codigo de falla P0100: P0165,Falla de sensores del sistema del vehiculo
Luz Check Engine encendida con codigo de falla P0100: P0166,Falla de sensores del sistema del vehiculo
Luz Check Engine encendida con codigo de falla P0100: P0167,Falla de sensores del sistema del vehiculo
Luz Check Engine encendida con codigo de falla P0100: P0170,Falla de sensores del sistema del vehiculo
Luz Check Engine encendida con codigo de falla P0100: P0171,Falla de sensores del sistema del vehiculo
Luz Check Engine encendida con codigo de falla P0100: P0172,Falla de sensores del sistema del vehiculo
Luz Check Engine encendida con codigo de falla P0100: P0173,Falla de sensores del sistema del vehiculo
Luz Check Engine encendida con codigo de falla P0100: P0174,Falla de sensores del sistema del vehiculo
Luz Check Engine encendida con codigo de falla P0100: P0175,Falla de sensores del sistema del vehiculo
Luz Check Engine encendida con codigo de falla P0100: P0176,Falla de sensores del sistema del vehiculo
Luz Check Engine encendida con codigo de falla P0100: P0177,Falla de sensores del sistema del vehiculo
Luz Check Engine encendida con codigo de falla P0100: P0178,Falla de sensores del sistema del vehiculo
Luz Check Engine encendida con codigo de falla P0100: P0179,Falla de sensores del sistema del vehiculo
Luz Check Engine encendida con codigo de falla P0100: P0180,Falla de sensores del sistema del vehiculo
Luz Check Engine encendida con codigo de falla P0100: P0181,Falla de sensores del sistema del vehiculo
Luz Check Engine encendida con codigo de falla P0100: P0182,Falla de sensores del sistema del vehiculo
Luz Check Engine encendida con codigo de falla P0100: P0183,Falla de sensores del sistema del vehiculo
Luz Check Engine encendida con codigo de falla P0100: P0184,Falla de sensores del sistema del vehiculo
Luz Check Engine encendida con codigo de falla P0100: P0185,Falla de sensores del sistema del vehiculo
Luz Check Engine encendida con codigo de falla P0100: P0186,Falla de sensores del sistema del vehiculo
Luz Check Engine encendida con codigo de falla P0100: P0187,Falla de sensores del sistema del vehiculo
Luz Check Engine encendida con codigo de falla P0100: P0188,Falla de sensores del sistema del vehiculo
Luz Check Engine encendida con codigo de falla P0100: P0189,Falla de sensores del sistema del vehiculo
Luz Check Engine encendida con codigo de falla P0100: P0190,Falla de sensores del sistema del vehiculo
Luz Check Engine encendida con codigo de falla P0100: P0191,Falla de sensores del sistema del vehiculo
Luz Check Engine encendida con codigo de falla P0100: P0192,Falla de sensores del sistema del vehiculo
Luz Check Engine encendida con codigo de falla P0100: P0193,Falla de sensores del sistema del vehiculo
Luz Check Engine encendida con codigo de falla P0100: P0194,Falla de sensores del sistema del vehiculo
Luz Check Engine encendida con codigo de falla P0100: P0195,Falla de sensores del sistema del vehiculo
Luz Check Engine encendida con codigo de falla P0100: P0196,Falla de sensores del sistema del vehiculo
Luz Check Engine encendida con codigo de falla P0100: P0197,Falla de sensores del sistema del vehiculo
Luz Check Engine encendida con codigo de falla P0100: P0198,Falla de sensores del sistema del vehiculo
Luz Check Engine encendida con codigo de falla P0100: P0199,Falla de sensores del sistema del vehiculo
Luz Check Engine encendida con codigo de falla P0100: P0200,Falla de sensores del sistema del vehiculo
Luz Check Engine encendida con codigo de falla P0100: P0201,Falla de sensores del sistema del vehiculo
Luz Check Engine encendida con codigo de falla P0100: P0202,Falla de sensores del sistema del vehiculo
Luz Check Engine encendida con codigo de falla P0100: P0203,Falla de sensores del sistema del vehiculo
Luz Check Engine encendida con codigo de falla P0100: P0204,Falla de sensores del sistema del vehiculo
Luz Check Engine encendida con codigo de falla P0100: P0205,Falla de sensores del sistema del vehiculo
Luz Check Engine encendida con codigo de falla P0100: P0206,Falla de sensores del sistema del vehiculo
Luz Check Engine encendida con codigo de falla P0100: P0207,Falla de sensores del sistema del vehiculo
Luz Check Engine encendida con codigo de falla P0100: P0208,Falla de sensores del sistema del vehiculo
Luz Check Engine encendida con codigo de falla P0100: P0209,Falla de sensores del sistema del vehiculo
Luz Check Engine encendida con codigo de falla P0100: P0210,Falla de sensores del sistema del vehiculo
Luz Check Engine encendida con codigo de falla P0100: P0211,Falla de sensores del sistema del vehiculo
Luz Check Engine encendida con codigo de falla P0100: P0212,Falla de sensores del sistema del vehiculo
Luz Check Engine encendida con codigo de falla P0100: P0213,Falla de sensores del sistema del vehiculo
Luz Check Engine encendida con codigo de falla P0100: P0214,Falla de sensores del sistema del vehiculo
Luz Check Engine encendida con codigo de falla P0100: P0215,Falla de sensores del sistema del vehiculo
Luz Check Engine encendida con codigo de falla P0100: P0216,Falla de sensores del sistema del vehiculo
Luz Check Engine encendida con codigo de falla P0100: P0217,Falla de sensores del sistema del vehiculo
Luz Check Engine encendida con codigo de falla P0100: P0218,Falla de sensores del sistema del vehiculo
Luz Check Engine encendida con codigo de falla P0100: P0219,Falla de sensores del sistema del vehiculo
Luz Check Engine encendida con codigo de falla P0100: P0220,Falla de sensores del sistema del vehiculo
Luz Check Engine encendida con codigo de falla P0100: P0221,Falla de sensores del sistema del vehiculo
Luz Check Engine encendida con codigo de falla P0100: P0222,Falla de sensores del sistema del vehiculo
Luz Check Engine encendida con codigo de falla P0100: P0223,Falla de sensores del sistema del vehiculo
Luz Check Engine encendida con codigo de falla P0100: P0224,Falla de sensores del sistema del vehiculo
Luz Check Engine encendida con codigo de falla P0100: P0225,Falla de sensores del sistema del vehiculo
Luz Check Engine encendida con codigo de falla P0100: P0226,Falla de sensores del sistema del vehiculo
Luz Check Engine encendida con codigo de falla P0100: P0227,Falla de sensores del sistema del vehiculo
Luz Check Engine encendida con codigo de falla P0100: P0228,Falla de sensores del sistema del vehiculo
Luz Check Engine encendida con codigo de falla P0100: P0229,Falla de sensores del sistema del vehiculo
Luz Check Engine encendida con codigo de falla P0100: P0230,Falla de sensores del sistema del vehiculo
Luz Check Engine encendida con codigo de falla P0100: P0231,Falla de sensores del sistema del vehiculo
Luz Check Engine encendida con codigo de falla P0100: P0232,Falla de sensores del sistema del vehiculo
Luz Check Engine encendida con codigo de falla P0100: P0233,Falla de sensores del sistema del vehiculo
Luz Check Engine encendida con codigo de falla P0100: P0234,Falla de sensores del sistema del vehiculo
Luz Check Engine encendida con codigo de falla P0100: P0235,Falla de sensores del sistema del vehiculo
Luz Check Engine encendida con codigo de falla P0100: P0236,Falla de sensores del sistema del vehiculo
Luz Check Engine encendida con codigo de falla P0100: P0237,Falla de sensores del sistema del vehiculo
Luz Check Engine encendida con codigo de falla P0100: P0238,Falla de sensores del sistema del vehiculo
Luz Check Engine encendida con codigo de falla P0100: P0239,Falla de sensores del sistema del vehiculo
Luz Check Engine encendida con codigo de falla P0100: P0240,Falla de sensores del sistema del vehiculo
Luz Check Engine encendida con codigo de falla P0100: P0241,Falla de sensores del sistema del vehiculo
Luz Check Engine encendida con codigo de falla P0100: P0242,Falla de sensores del sistema del vehiculo
Luz Check Engine encendida con codigo de falla P0100: P0243,Falla de sensores del sistema del vehiculo
Luz Check Engine encendida con codigo de falla P0100: P0244,Falla de sensores del sistema del vehiculo
Luz Check Engine encendida con codigo de falla P0100: P0245,Falla de sensores del sistema del vehiculo
Luz Check Engine encendida con codigo de falla P0100: P0246,Falla de sensores del sistema del vehiculo
Luz Check Engine encendida con codigo de falla P0100: P0247,Falla de sensores del sistema del vehiculo
Luz Check Engine encendida con codigo de falla P0100: P0248,Falla de sensores del sistema del vehiculo
Luz Check Engine encendida con codigo de falla P0100: P0249,Falla de sensores del sistema del vehiculo
Luz Check Engine encendida con codigo de falla P0100: P0250,Falla de sensores del sistema del vehiculo
Luz Check Engine encendida con codigo de falla P0100: P0251,Falla de sensores del sistema del vehiculo
Luz Check Engine encendida con codigo de falla P0100: P0252,Falla de sensores del sistema del vehiculo
Luz Check Engine encendida con codigo de falla P0100: P0253,Falla de sensores del sistema del vehiculo
Luz Check Engine encendida con codigo de falla P0100: P0254,Falla de sensores del sistema del vehiculo
Luz Check Engine encendida con codigo de falla P0100: P0255,Falla de sensores del sistema del vehiculo
Luz Check Engine encendida con codigo de falla P0100: P0256,Falla de sensores del sistema del vehiculo
Luz Check Engine encendida con codigo de falla P0100: P0257,Falla de sensores del sistema del vehiculo
Luz Check Engine encendida con codigo de falla P0100: P0258,Falla de sensores del sistema del vehiculo
Luz Check Engine encendida con codigo de falla P0100: P0259,Falla de sensores del sistema del vehiculo
Luz Check Engine encendida con codigo de falla P0100: P0260,Falla de sensores del sistema del vehiculo
Luz Check Engine encendida con codigo de falla P0100: P0261,Falla de sensores del sistema del vehiculo
Luz Check Engine encendida con codigo de falla P0100: P0262,Falla de sensores del sistema del vehiculo
Luz Check Engine encendida con codigo de falla P0100: P0263,Falla de sensores del sistema del vehiculo
Luz Check Engine encendida con codigo de falla P0100: P0264,Falla de sensores del sistema del vehiculo
Luz Check Engine encendida con codigo de falla P0100: P0265,Falla de sensores del sistema del vehiculo
Luz Check Engine encendida con codigo de falla P0100: P0266,Falla de sensores del sistema del vehiculo
Luz Check Engine encendida con codigo de falla P0100: P0267,Falla de sensores del sistema del vehiculo
Luz Check Engine encendida con codigo de falla P0100: P0268,Falla de sensores del sistema del vehiculo
Luz Check Engine encendida con codigo de falla P0100: P0269,Falla de sensores del sistema del vehiculo
Luz Check Engine encendida con codigo de falla P0100: P0270,Falla de sensores del sistema del vehiculo
Luz Check Engine encendida con codigo de falla P0100: P0271,Falla de sensores del sistema del vehiculo
Luz Check Engine encendida con codigo de falla P0100: P0272,Falla de sensores del sistema del vehiculo
Luz Check Engine encendida con codigo de falla P0100: P0273,Falla de sensores del sistema del vehiculo
Luz Check Engine encendida con codigo de falla P0100: P0274,Falla de sensores del sistema del vehiculo
Luz Check Engine encendida con codigo de falla P0100: P0275,Falla de sensores del sistema del vehiculo
Luz Check Engine encendida con codigo de falla P0100: P0276,Falla de sensores del sistema del vehiculo
Luz Check Engine encendida con codigo de falla P0100: P0277,Falla de sensores del sistema del vehiculo
Luz Check Engine encendida con codigo de falla P0100: P0278,Falla de sensores del sistema del vehiculo
Luz Check Engine encendida con codigo de falla P0100: P0279,Falla de sensores del sistema del vehiculo
Luz Check Engine encendida con codigo de falla P0100: P0280,Falla de sensores del sistema del vehiculo
Luz Check Engine encendida con codigo de falla P0100: P0281,Falla de sensores del sistema del vehiculo
Luz Check Engine encendida con codigo de falla P0100: P0282,Falla de sensores del sistema del vehiculo
Luz Check Engine encendida con codigo de falla P0100: P0283,Falla de sensores del sistema del vehiculo
Luz Check Engine encendida con codigo de falla P0100: P0284,Falla de sensores del sistema del vehiculo
Luz Check Engine encendida con codigo de falla P0100: P0285,Falla de sensores del sistema del vehiculo
Luz Check Engine encendida con codigo de falla P0100: P0286,Falla de sensores del sistema del vehiculo
Luz Check Engine encendida con codigo de falla P0100: P0287,Falla de sensores del sistema del vehiculo
Luz Check Engine encendida con codigo de falla P0100: P0288,Falla de sensores del sistema del vehiculo
Luz Check Engine encendida con codigo de falla P0100: P0289,Falla de sensores del sistema del vehiculo
Luz Check Engine encendida con codigo de falla P0100: P0290,Falla de sensores del sistema del vehiculo
Luz Check Engine encendida con codigo de falla P0100: P0291,Falla de sensores del sistema del vehiculo
Luz Check Engine encendida con codigo de falla P0100: P0292,Falla de sensores del sistema del vehiculo
Luz Check Engine encendida con codigo de falla P0100: P0293,Falla de sensores del sistema del vehiculo
Luz Check Engine encendida con codigo de falla P0100: P0294,Falla de sensores del sistema del vehiculo
Luz Check Engine encendida con codigo de falla P0100: P0295,Falla de sensores del sistema del vehiculo
Luz Check Engine encendida con codigo de falla P0100: P0296,Falla de sensores del sistema del vehiculo
Luz Check Engine encendida con codigo de falla P0100: P0300,Falla de sensores del sistema del vehiculo
Luz Check Engine encendida con codigo de falla P0100: P0301,Falla de sensores del sistema del vehiculo
Luz Check Engine encendida con codigo de falla P0100: P0302,Falla de sensores del sistema del vehiculo
Luz Check Engine encendida con codigo de falla P0100: P0303,Falla de sensores del sistema del vehiculo
Luz Check Engine encendida con codigo de falla P0100: P0304,Falla de sensores del sistema del vehiculo
Luz Check Engine encendida con codigo de falla P0100: P0305,Falla de sensores del sistema del vehiculo
Luz Check Engine encendida con codigo de falla P0100: P0306,Falla de sensores del sistema del vehiculo
Luz Check Engine encendida con codigo de falla P0100: P0307,Falla de sensores del sistema del vehiculo
Luz Check Engine encendida con codigo de falla P0100: P0308,Falla de sensores del sistema del vehiculo
Luz Check Engine encendida con codigo de falla P0100: P0309,Falla de sensores del sistema del vehiculo
Luz Check Engine encendida con codigo de falla P0100: P0310,Falla de sensores del sistema del vehiculo
Luz Check Engine encendida con codigo de falla P0100: P0311,Falla de sensores del sistema del vehiculo
Luz Check Engine encendida con codigo de falla P0100: P0312,Falla de sensores del sistema del vehiculo
Luz Check Engine encendida con codigo de falla P0100: P0320,Falla de sensores del sistema del vehiculo
Luz Check Engine encendida con codigo de falla P0100: P0321,Falla de sensores del sistema del vehiculo
Luz Check Engine encendida con codigo de falla P0100: P0322,Falla de sensores del sistema del vehiculo
Luz Check Engine encendida con codigo de falla P0100: P0323,Falla de sensores del sistema del vehiculo
Luz Check Engine encendida con codigo de falla P0100: P0325,Falla de sensores del sistema del vehiculo
Luz Check Engine encendida con codigo de falla P0100: P0326,Falla de sensores del sistema del vehiculo
Luz Check Engine encendida con codigo de falla P0100: P0327,Falla de sensores del sistema del vehiculo
Luz Check Engine encendida con codigo de falla P0100: P0328,Falla de sensores del sistema del vehiculo
Luz Check Engine encendida con codigo de falla P0100: P0329,Falla de sensores del sistema del vehiculo
Luz Check Engine encendida con codigo de falla P0100: P0330,Falla de sensores del sistema del vehiculo
Luz Check Engine encendida con codigo de falla P0100: P0331,Falla de sensores del sistema del vehiculo
Luz Check Engine encendida con codigo de falla P0100: P0332,Falla de sensores del sistema del vehiculo
Luz Check Engine encendida con codigo de falla P0100: P0333,Falla de sensores del sistema del vehiculo
Luz Check Engine encendida con codigo de falla P0100: P0334,Falla de sensores del sistema del vehiculo
Luz Check Engine encendida con codigo de falla P0100: P0335,Falla de sensores del sistema del vehiculo
Luz Check Engine encendida con codigo de falla P0100: P0336,Falla de sensores del sistema del vehiculo
Luz Check Engine encendida con codigo de falla P0100: P0337,Falla de sensores del sistema del vehiculo
Luz Check Engine encendida con codigo de falla P0100: P0338,Falla de sensores del sistema del vehiculo
Luz Check Engine encendida con codigo de falla P0100: P0339,Falla de sensores del sistema del vehiculo
Luz Check Engine encendida con codigo de falla P0100: P0340,Falla de sensores del sistema del vehiculo
Luz Check Engine encendida con codigo de falla P0100: P0341,Falla de sensores del sistema del vehiculo
Luz Check Engine encendida con codigo de falla P0100: P0342,Falla de sensores del sistema del vehiculo
Luz Check Engine encendida con codigo de falla P0100: P0343,Falla de sensores del sistema del vehiculo
Luz Check Engine encendida con codigo de falla P0100: P0344,Falla de sensores del sistema del vehiculo
Luz Check Engine encendida con codigo de falla P0100: P0350,Falla de sensores del sistema del vehiculo
Luz Check Engine encendida con codigo de falla P0100: P0351,Falla de sensores del sistema del vehiculo
Luz Check Engine encendida con codigo de falla P0100: P0352,Falla de sensores del sistema del vehiculo
Luz Check Engine encendida con codigo de falla P0100: P0353,Falla de sensores del sistema del vehiculo
Luz Check Engine encendida con codigo de falla P0100: P0354,Falla de sensores del sistema del vehiculo
Luz Check Engine encendida con codigo de falla P0100: P0355,Falla de sensores del sistema del vehiculo
Luz Check Engine encendida con codigo de falla P0100: P0356,Falla de sensores del sistema del vehiculo
Luz Check Engine encendida con codigo de falla P0100: P0357,Falla de sensores del sistema del vehiculo
Luz Check Engine encendida con codigo de falla P0100: P0358,Falla de sensores del sistema del vehiculo
Luz Check Engine encendida con codigo de falla P0100: P0359,Falla de sensores del sistema del vehiculo
Luz Check Engine encendida con codigo de falla P0100: P0360,Falla de sensores del sistema del vehiculo
Luz Check Engine encendida con codigo de falla P0100: P0361,Falla de sensores del sistema del vehiculo
Luz Check Engine encendida con codigo de falla P0100: P0362,Falla de sensores del sistema del vehiculo
Luz Check Engine encendida con codigo de falla P0100: P0370,Falla de sensores del sistema del vehiculo
Luz Check Engine encendida con codigo de falla P0100: P0371,Falla de sensores del sistema del vehiculo
Luz Check Engine encendida con codigo de falla P0100: P0372,Falla de sensores del sistema del vehiculo
Luz Check Engine encendida con codigo de falla P0100: P0373,Falla de sensores del sistema del vehiculo
Luz Check Engine encendida con codigo de falla P0100: P0374,Falla de sensores del sistema del vehiculo
Luz Check Engine encendida con codigo de falla P0100: P0375,Falla de sensores del sistema del vehiculo
Luz Check Engine encendida con codigo de falla P0100: P0376,Falla de sensores del sistema del vehiculo
Luz Check Engine encendida con codigo de falla P0100: P0377,Falla de sensores del sistema del vehiculo
Luz Check Engine encendida con codigo de falla P0100: P0378,Falla de sensores del sistema del vehiculo
Luz Check Engine encendida con codigo de falla P0100: P0379,Falla de sensores del sistema del vehiculo
Luz Check Engine encendida con codigo de falla P0100: P0380,Falla de sensores del sistema del vehiculo
Luz Check Engine encendida con codigo de falla P0100: P0381,Falla de sensores del sistema del vehiculo
Luz Check Engine encendida con codigo de falla P0100: P0382,Falla de sensores del sistema del vehiculo
Luz Check Engine encendida con codigo de falla P0100: P0385,Falla de sensores del sistema del vehiculo
Luz Check Engine encendida con codigo de falla P0100: P0386,Falla de sensores del sistema del vehiculo
Luz Check Engine encendida con codigo de falla P0100: P0387,Falla de sensores del sistema del vehiculo
Luz Check Engine encendida con codigo de falla P0100: P0388,Falla de sensores del sistema del vehiculo
Luz Check Engine encendida con codigo de falla P0100: P0389,Falla de sensores del sistema del vehiculo
Luz Check Engine encendida con codigo de falla P0100: P0400,Falla de sensores del sistema del vehiculo
Luz Check Engine encendida con codigo de falla P0100: P0401,Falla de sensores del sistema del vehiculo
Luz Check Engine encendida con codigo de falla P0100: P0402,Falla de sensores del sistema del vehiculo
Luz Check Engine encendida con codigo de falla P0100: P0403,Falla de sensores del sistema del vehiculo
Luz Check Engine encendida con codigo de falla P0100: P0404,Falla de sensores del sistema del vehiculo
Luz Check Engine encendida con codigo de falla P0100: P0405,Falla de sensores del sistema del vehiculo
Luz Check Engine encendida con codigo de falla P0100: P0406,Falla de sensores del sistema del vehiculo
Luz Check Engine encendida con codigo de falla P0100: P0407,Falla de sensores del sistema del vehiculo
Luz Check Engine encendida con codigo de falla P0100: P0408,Falla de sensores del sistema del vehiculo
Luz Check Engine encendida con codigo de falla P0100: P0410,Falla de sensores del sistema del vehiculo
Luz Check Engine encendida con codigo de falla P0100: P0411,Falla de sensores del sistema del vehiculo
Luz Check Engine encendida con codigo de falla P0100: P0412,Falla de sensores del sistema del vehiculo
Luz Check Engine encendida con codigo de falla P0100: P0413,Falla de sensores del sistema del vehiculo
Luz Check Engine encendida con codigo de falla P0100: P0414,Falla de sensores del sistema del vehiculo
Luz Check Engine encendida con codigo de falla P0100: P0415,Falla de sensores del sistema del vehiculo
Luz Check Engine encendida con codigo de falla P0100: P0416,Falla de sensores del sistema del vehiculo
Luz Check Engine encendida con codigo de falla P0100: P0417,Falla de sensores del sistema del vehiculo
Luz Check Engine encendida con codigo de falla P0100: P0418,Falla de sensores del sistema del vehiculo
Luz Check Engine encendida con codigo de falla P0100: P0419,Falla de sensores del sistema del vehiculo
Luz Check Engine encendida con codigo de falla P0100: P0420,Falla de sensores del sistema del vehiculo
Luz Check Engine encendida con codigo de falla P0100: P0421,Falla de sensores del sistema del vehiculo
Luz Check Engine encendida con codigo de falla P0100: P0422,Falla de sensores del sistema del vehiculo
Luz Check Engine encendida con codigo de falla P0100: P0423,Falla de sensores del sistema del vehiculo
Luz Check Engine encendida con codigo de falla P0100: P0424,Falla de sensores del sistema del vehiculo
Luz Check Engine encendida con codigo de falla P0100: P0426,Falla de sensores del sistema del vehiculo
Luz Check Engine encendida con codigo de falla P0100: P0427,Falla de sensores del sistema del vehiculo
Luz Check Engine encendida con codigo de falla P0100: P0428,Falla de sensores del sistema del vehiculo
Luz Check Engine encendida con codigo de falla P0100: P0430,Falla de sensores del sistema del vehiculo
Luz Check Engine encendida con codigo de falla P0100: P0431,Falla de sensores del sistema del vehiculo
Luz Check Engine encendida con codigo de falla P0100: P0432,Falla de sensores del sistema del vehiculo
Luz Check Engine encendida con codigo de falla P0100: P0433,Falla de sensores del sistema del vehiculo
Luz Check Engine encendida con codigo de falla P0100: P0434,Falla de sensores del sistema del vehiculo
Luz Check Engine encendida con codigo de falla P0100: P0436,Falla de sensores del sistema del vehiculo
Luz Check Engine encendida con codigo de falla P0100: P0437,Falla de sensores del sistema del vehiculo
Luz Check Engine encendida con codigo de falla P0100: P0438,Falla de sensores del sistema del vehiculo
Luz Check Engine encendida con codigo de falla P0100: P0440,Falla de sensores del sistema del vehiculo
Luz Check Engine encendida con codigo de falla P0100: P0441,Falla de sensores del sistema del vehiculo
Luz Check Engine encendida con codigo de falla P0100: P0442,Falla de sensores del sistema del vehiculo
Luz Check Engine encendida con codigo de falla P0100: P0443,Falla de sensores del sistema del vehiculo
Luz Check Engine encendida con codigo de falla P0100: P0444,Falla de sensores del sistema del vehiculo
Luz Check Engine encendida con codigo de falla P0100: P0445,Falla de sensores del sistema del vehiculo
Luz Check Engine encendida con codigo de falla P0100: P0446,Falla de sensores del sistema del vehiculo
Luz Check Engine encendida con codigo de falla P0100: P0447,Falla de sensores del sistema del vehiculo
Luz Check Engine encendida con codigo de falla P0100: P0448,Falla de sensores del sistema del vehiculo
Luz Check Engine encendida con codigo de falla P0100: P0449,Falla de sensores del sistema del vehiculo
Luz Check Engine encendida con codigo de falla P0100: P0450,Falla de sensores del sistema del vehiculo
Luz Check Engine encendida con codigo de falla P0100: P0451,Falla de sensores del sistema del vehiculo
Luz Check Engine encendida con codigo de falla P0100: P0452,Falla de sensores del sistema del vehiculo
Luz Check Engine encendida con codigo de falla P0100: P0453,Falla de sensores del sistema del vehiculo
Luz Check Engine encendida con codigo de falla P0100: P0454,Falla de sensores del sistema del vehiculo
Luz Check Engine encendida con codigo de falla P0100: P0455,Falla de sensores del sistema del vehiculo
Luz Check Engine encendida con codigo de falla P0100: P0460,Falla de sensores del sistema del vehiculo
Luz Check Engine encendida con codigo de falla P0100: P0461,Falla de sensores del sistema del vehiculo
Luz Check Engine encendida con codigo de falla P0100: P0462,Falla de sensores del sistema del vehiculo
Luz Check Engine encendida con codigo de falla P0100: P0463,Falla de sensores del sistema del vehiculo
Luz Check Engine encendida con codigo de falla P0100: P0464,Falla de sensores del sistema del vehiculo
Luz Check Engine encendida con codigo de falla P0100: P0465,Falla de sensores del sistema del vehiculo
Luz Check Engine encendida con codigo de falla P0100: P0466,Falla de sensores del sistema del vehiculo
Luz Check Engine encendida con codigo de falla P0100: P0467,Falla de sensores del sistema del vehiculo
Luz Check Engine encendida con codigo de falla P0100: P0468,Falla de sensores del sistema del vehiculo
Luz Check Engine encendida con codigo de falla P0100: P0469,Falla de sensores del sistema del vehiculo
Luz Check Engine encendida con codigo de falla P0100: P0470,Falla de sensores del sistema del vehiculo
Luz Check Engine encendida con codigo de falla P0100: P0471,Falla de sensores del sistema del vehiculo
Luz Check Engine encendida con codigo de falla P0100: P0472,Falla de sensores del sistema del vehiculo
Luz Check Engine encendida con codigo de falla P0100: P0473,Falla de sensores del sistema del vehiculo
Luz Check Engine encendida con codigo de falla P0100: P0474,Falla de sensores del sistema del vehiculo
Luz Check Engine encendida con codigo de falla P0100: P0475,Falla de sensores del sistema del vehiculo
Luz Check Engine encendida con codigo de falla P0100: P0476,Falla de sensores del sistema del vehiculo
Luz Check Engine encendida con codigo de falla P0100: P0477,Falla de sensores del sistema del vehiculo
Luz Check Engine encendida con codigo de falla P0100: P0478,Falla de sensores del sistema del vehiculo
Luz Check Engine encendida con codigo de falla P0100: P0479,Falla de sensores del sistema del vehiculo
Luz Check Engine encendida con codigo de falla P0100: P0480,Falla de sensores del sistema del vehiculo
Luz Check Engine encendida con codigo de falla P0100: P0481,Falla de sensores del sistema del vehiculo
Luz Check Engine encendida con codigo de falla P0100: P0482,Falla de sensores del sistema del vehiculo
Luz Check Engine encendida con codigo de falla P0100: P0483,Falla de sensores del sistema del vehiculo
Luz Check Engine encendida con codigo de falla P0100: P0484,Falla de sensores del sistema del vehiculo
Luz Check Engine encendida con codigo de falla P0100: P0485,Falla de sensores del sistema del vehiculo
Luz Check Engine encendida con codigo de falla P0100: P0500,Falla de sensores del sistema del vehiculo
Luz Check Engine encendida con codigo de falla P0100: P0501,Falla de sensores del sistema del vehiculo
Luz Check Engine encendida con codigo de falla P0100: P0502,Falla de sensores del sistema del vehiculo
Luz Check Engine encendida con codigo de falla P0100: P0503,Falla de sensores del sistema del vehiculo
Luz Check Engine encendida con codigo de falla P0100: P0505,Falla de sensores del sistema del vehiculo
Luz Check Engine encendida con codigo de falla P0100: P0506,Falla de sensores del sistema del vehiculo
Luz Check Engine encendida con codigo de falla P0100: P0507,Falla de sensores del sistema del vehiculo
Luz Check Engine encendida con codigo de falla P0100: P0510,Falla de sensores del sistema del vehiculo
Luz Check Engine encendida con codigo de falla P0100: P0520,Falla de sensores del sistema del vehiculo
Luz Check Engine encendida con codigo de falla P0100: P0521,Falla de sensores del sistema del vehiculo
Luz Check Engine encendida con codigo de falla P0100: P0522,Falla de sensores del sistema del vehiculo
Luz Check Engine encendida con codigo de falla P0100: P0523,Falla de sensores del sistema del vehiculo
Luz Check Engine encendida con codigo de falla P0100: P0530,Falla de sensores del sistema del vehiculo
Luz Check Engine encendida con codigo de falla P0100: P0531,Falla de sensores del sistema del vehiculo
Luz Check Engine encendida con codigo de falla P0100: P0532,Falla de sensores del sistema del vehiculo
Luz Check Engine encendida con codigo de falla P0100: P0533,Falla de sensores del sistema del vehiculo
Luz Check Engine encendida con codigo de falla P0100: P0534,Falla de sensores del sistema del vehiculo
Luz Check Engine encendida con codigo de falla P0100: P0550,Falla de sensores del sistema del vehiculo
Luz Check Engine encendida con codigo de falla P0100: P0551,Falla de sensores del sistema del vehiculo
Luz Check Engine encendida con codigo de falla P0100: P0552,Falla de sensores del sistema del vehiculo
Luz Check Engine encendida con codigo de falla P0100: P0553,Falla de sensores del sistema del vehiculo
Luz Check Engine encendida con codigo de falla P0100: P0554,Falla de sensores del sistema del vehiculo
Luz Check Engine encendida con codigo de falla P0100: P0560,Falla de sensores del sistema del vehiculo
Luz Check Engine encendida con codigo de falla P0100: P0561,Falla de sensores del sistema del vehiculo
Luz Check Engine encendida con codigo de falla P0100: P0562,Falla de sensores del sistema del vehiculo
Luz Check Engine encendida con codigo de falla P0100: P0563,Falla de sensores del sistema del vehiculo
Luz Check Engine encendida con codigo de falla P0100: P0565,Falla de sensores del sistema del vehiculo
Luz Check Engine encendida con codigo de falla P0100: P0566,Falla de sensores del sistema del vehiculo
Luz Check Engine encendida con codigo de falla P0100: P0567,Falla de sensores del sistema del vehiculo
Luz Check Engine encendida con codigo de falla P0100: P0568,Falla de sensores del sistema del vehiculo
Luz Check Engine encendida con codigo de falla P0100: P0569,Falla de sensores del sistema del vehiculo
Luz Check Engine encendida con codigo de falla P0100: P0570,Falla de sensores del sistema del vehiculo
Luz Check Engine encendida con codigo de falla P0100: P0571,Falla de sensores del sistema del vehiculo
Luz Check Engine encendida con codigo de falla P0100: P0572,Falla de sensores del sistema del vehiculo
Luz Check Engine encendida con codigo de falla P0100: P0573,Falla de sensores del sistema del vehiculo
Luz Check Engine encendida con codigo de falla P0100: P0574,Falla de sensores del sistema del vehiculo
Luz Check Engine encendida con codigo de falla P0100: P0575,Falla de sensores del sistema del vehiculo
Luz Check Engine encendida con codigo de falla P0100: P0576,Falla de sensores del sistema del vehiculo
Luz Check Engine encendida con codigo de falla P0100: P0578,Falla de sensores del sistema del vehiculo
Luz Check Engine encendida con codigo de falla P0100: P0579,Falla de sensores del sistema del vehiculo
Luz Check Engine encendida con codigo de falla P0100: P0580,Falla de sensores del sistema del vehiculo
Luz Check Engine encendida con codigo de falla P0100: P0600,Falla de sensores del sistema del vehiculo
Luz Check Engine encendida con codigo de falla P0100: P0601,Falla de sensores del sistema del vehiculo
Luz Check Engine encendida con codigo de falla P0100: P0602,Falla de sensores del sistema del vehiculo
Luz Check Engine encendida con codigo de falla P0100: P0603,Falla de sensores del sistema del vehiculo
Luz Check Engine encendida con codigo de falla P0100: P0604,Falla de sensores del sistema del vehiculo
Luz Check Engine encendida con codigo de falla P0100: P0605,Falla de sensores del sistema del vehiculo
Luz Check Engine encendida con codigo de falla P0100: P0606,Falla de sensores del sistema del vehiculo
Luz Check Engine encendida con codigo de falla P0100: P0608,Falla de sensores del sistema del vehiculo
Luz Check Engine encendida con codigo de falla P0100: P0609,Falla de sensores del sistema del vehiculo
Luz Check Engine encendida con codigo de falla P0100: P0620,Falla de sensores del sistema del vehiculo
Luz Check Engine encendida con codigo de falla P0100: P0621,Falla de sensores del sistema del vehiculo
Luz Check Engine encendida con codigo de falla P0100: P0622,Falla de sensores del sistema del vehiculo
Luz Check Engine encendida con codigo de falla P0100: P0650,Falla de sensores del sistema del vehiculo
Luz Check Engine encendida con codigo de falla P0100: P0654,Falla de sensores del sistema del vehiculo
Luz Check Engine encendida con codigo de falla P0100: P0655,Falla de sensores del sistema del vehiculo
Luz Check Engine encendida con codigo de falla P0100: P0656,Falla de sensores del sistema del vehiculo
Luz Check Engine encendida con codigo de falla P0100: P0700,Falla de sensores del sistema del vehiculo
Luz Check Engine encendida con codigo de falla P0100: P0701,Falla de sensores del sistema del vehiculo
Luz Check Engine encendida con codigo de falla P0100: P0702,Falla de sensores del sistema del vehiculo
Luz Check Engine encendida con codigo de falla P0100: P0703,Falla de sensores del sistema del vehiculo
Luz Check Engine encendida con codigo de falla P0100: P0704,Falla de sensores del sistema del vehiculo
Luz Check Engine encendida con codigo de falla P0100: P0705,Falla de sensores del sistema del vehiculo
Luz Check Engine encendida con codigo de falla P0100: P0706,Falla de sensores del sistema del vehiculo
Luz Check Engine encendida con codigo de falla P0100: P0707,Falla de sensores del sistema del vehiculo
Luz Check Engine encendida con codigo de falla P0100: P0708,Falla de sensores del sistema del vehiculo
Luz Check Engine encendida con codigo de falla P0100: P0709,Falla de sensores del sistema del vehiculo
Luz Check Engine encendida con codigo de falla P0100: P0710,Falla de sensores del sistema del vehiculo
Luz Check Engine encendida con codigo de falla P0100: P0711,Falla de sensores del sistema del vehiculo
Luz Check Engine encendida con codigo de falla P0100: P0712,Falla de sensores del sistema del vehiculo
Luz Check Engine encendida con codigo de falla P0100: P0713,Falla de sensores del sistema del vehiculo
Luz Check Engine encendida con codigo de falla P0100: P0714,Falla de sensores del sistema del vehiculo
Luz Check Engine encendida con codigo de falla P0100: P0715,Falla de sensores del sistema del vehiculo
Luz Check Engine encendida con codigo de falla P0100: P0716,Falla de sensores del sistema del vehiculo
Luz Check Engine encendida con codigo de falla P0100: P0717,Falla de sensores del sistema del vehiculo
Luz Check Engine encendida con codigo de falla P0100: P0718,Falla de sensores del sistema del vehiculo
Luz Check Engine encendida con codigo de falla P0100: P0719,Falla de sensores del sistema del vehiculo
Luz Check Engine encendida con codigo de falla P0100: P0720,Falla de sensores del sistema del vehiculo
Luz Check Engine encendida con codigo de falla P0100: P0721,Falla de sensores del sistema del vehiculo
Luz Check Engine encendida con codigo de falla P0100: P0722,Falla de sensores del sistema del vehiculo
Luz Check Engine encendida con codigo de falla P0100: P0723,Falla de sensores del sistema del vehiculo
Luz Check Engine encendida con codigo de falla P0100: P0724,Falla de sensores del sistema del vehiculo
Luz Check Engine encendida con codigo de falla P0100: P0725,Falla de sensores del sistema del vehiculo
Luz Check Engine encendida con codigo de falla P0100: P0726,Falla de sensores del sistema del vehiculo
Luz Check Engine encendida con codigo de falla P0100: P0727,Falla de sensores del sistema del vehiculo
Luz Check Engine encendida con codigo de falla P0100: P0728,Falla de sensores del sistema del vehiculo
Luz Check Engine encendida con codigo de falla P0100: P0730,Falla de sensores del sistema del vehiculo
Luz Check Engine encendida con codigo de falla P0100: P0731,Falla de sensores del sistema del vehiculo
Luz Check Engine encendida con codigo de falla P0100: P0732,Falla de sensores del sistema del vehiculo
Luz Check Engine encendida con codigo de falla P0100: P0733,Falla de sensores del sistema del vehiculo
Luz Check Engine encendida con codigo de falla P0100: P0734,Falla de sensores del sistema del vehiculo
Luz Check Engine encendida con codigo de falla P0100: P0735,Falla de sensores del sistema del vehiculo
Luz Check Engine encendida con codigo de falla P0100: P0736,Falla de sensores del sistema del vehiculo
Luz Check Engine encendida con codigo de falla P0100: P0740,Falla de sensores del sistema del vehiculo
Luz Check Engine encendida con codigo de falla P0100: P0741,Falla de sensores del sistema del vehiculo
Luz Check Engine encendida con codigo de falla P0100: P0742,Falla de sensores del sistema del vehiculo
Luz Check Engine encendida con codigo de falla P0100: P0743,Falla de sensores del sistema del vehiculo
Luz Check Engine encendida con codigo de falla P0100: P0744,Falla de sensores del sistema del vehiculo
Luz Check Engine encendida con codigo de falla P0100: P0745,Falla de sensores del sistema del vehiculo
Luz Check Engine encendida con codigo de falla P0100: P0746,Falla de sensores del sistema del vehiculo
Luz Check Engine encendida con codigo de falla P0100: P0747,Falla de sensores del sistema del vehiculo
Luz Check Engine encendida con codigo de falla P0100: P0748,Falla de sensores del sistema del vehiculo
Luz Check Engine encendida con codigo de falla P0100: P0749,Falla de sensores del sistema del vehiculo
Luz Check Engine encendida con codigo de falla P0100: P0750,Falla de sensores del sistema del vehiculo
Luz Check Engine encendida con codigo de falla P0100: P0751,Falla de sensores del sistema del vehiculo
Luz Check Engine encendida con codigo de falla P0100: P0752,Falla de sensores del sistema del vehiculo
Luz Check Engine encendida con codigo de falla P0100: P0753,Falla de sensores del sistema del vehiculo
Luz Check Engine encendida con codigo de falla P0100: P0754,Falla de sensores del sistema del vehiculo
Luz Check Engine encendida con codigo de falla P0100: P0755,Falla de sensores del sistema del vehiculo
Luz Check Engine encendida con codigo de falla P0100: P0756,Falla de sensores del sistema del vehiculo
Luz Check Engine encendida con codigo de falla P0100: P0757,Falla de sensores del sistema del vehiculo
Luz Check Engine encendida con codigo de falla P0100: P0758,Falla de sensores del sistema del vehiculo
Luz Check Engine encendida con codigo de falla P0100: P0759,Falla de sensores del sistema del vehiculo
Luz Check Engine encendida con codigo de falla P0100: P0760,Falla de sensores del sistema del vehiculo
Luz Check Engine encendida con codigo de falla P0100: P0761,Falla de sensores del sistema del vehiculo
Luz Check Engine encendida con codigo de falla P0100: P0762,Falla de sensores del sistema del vehiculo
Luz Check Engine encendida con codigo de falla P0100: P0763,Falla de sensores del sistema del vehiculo
Luz Check Engine encendida con codigo de falla P0100: P0764,Falla de sensores del sistema del vehiculo
Luz Check Engine encendida con codigo de falla P0100: P0765,Falla de sensores del sistema del vehiculo
Luz Check Engine encendida con codigo de falla P0100: P0766,Falla de sensores del sistema del vehiculo
Luz Check Engine encendida con codigo de falla P0100: P0767,Falla de sensores del sistema del vehiculo
Luz Check Engine encendida con codigo de falla P0100: P0768,Falla de sensores del sistema del vehiculo
Luz Check Engine encendida con codigo de falla P0100: P0769,Falla de sensores del sistema del vehiculo
Luz Check Engine encendida con codigo de falla P0100: P0770,Falla de sensores del sistema del vehiculo
Luz Check Engine encendida con codigo de falla P0100: P0771,Falla de sensores del sistema del vehiculo
Luz Check Engine encendida con codigo de falla P0100: P0772,Falla de sensores del sistema del vehiculo
Luz Check Engine encendida con codigo de falla P0100: P0773,Falla de sensores del sistema del vehiculo
Luz Check Engine encendida con codigo de falla P0100: P0774,Falla de sensores del sistema del vehiculo
Luz Check Engine encendida con codigo de falla P0100: P0775,Falla de sensores del sistema del vehiculo
Luz Check Engine encendida con codigo de falla P0100: P0776,Falla de sensores del sistema del vehiculo
Luz Check Engine encendida con codigo de falla P0100: P0777,Falla de sensores del sistema del vehiculo
Luz Check Engine encendida con codigo de falla P0100: P0778,Falla de sensores del sistema del vehiculo
Luz Check Engine encendida con codigo de falla P0100: P0779,Falla de sensores del sistema del vehiculo
Luz Check Engine encendida con codigo de falla P0100: P0780,Falla de sensores del sistema del vehiculo
Luz Check Engine encendida con codigo de falla P0100: P0781,Falla de sensores del sistema del vehiculo
Luz Check Engine encendida con codigo de falla P0100: P0782,Falla de sensores del sistema del vehiculo
Luz Check Engine encendida con codigo de falla P0100: P0783,Falla de sensores del sistema del vehiculo
Luz Check Engine encendida con codigo de falla P0100: P0784,Falla de sensores del sistema del vehiculo
Luz Check Engine encendida con codigo de falla P0100: P0785,Falla de sensores del sistema del vehiculo
Luz Check Engine encendida con codigo de falla P0100: P0786,Falla de sensores del sistema del vehiculo
Luz Check Engine encendida con codigo de falla P0100: P0787,Falla de sensores del sistema del vehiculo
Luz Check Engine encendida con codigo de falla P0100: P0788,Falla de sensores del sistema del vehiculo
Luz Check Engine encendida con codigo de falla P0100: P0789,Falla de sensores del sistema del vehiculo
Luz Check Engine encendida con codigo de falla P0100: P0790,Falla de sensores del sistema del vehiculo
Luz Check Engine encendida con codigo de falla P0100: P0801,Falla de sensores del sistema del vehiculo
Luz Check Engine encendida con codigo de falla P0100: P0803,Falla de sensores del sistema del vehiculo
Luz Check Engine encendida con codigo de falla P0100: P0804,Falla de sensores del sistema del vehiculo
Luz Check Engine encendida con codigo de falla P0100: P1100,Falla de sensores del sistema del vehiculo
Luz Check Engine encendida con codigo de falla P0100: P1101,Falla de sensores del sistema del vehiculo
Luz Check Engine encendida con codigo de falla P0100: P1102,Falla de sensores del sistema del vehiculo
Luz Check Engine encendida con codigo de falla P0100: P1103,Falla de sensores del sistema del vehiculo
Luz Check Engine encendida con codigo de falla P0100: P1104,Falla de sensores del sistema del vehiculo
Luz Check Engine encendida con codigo de falla P0100: P1105,Falla de sensores del sistema del vehiculo
Luz Check Engine encendida con codigo de falla P0100: P1106,Falla de sensores del sistema del vehiculo
Luz Check Engine encendida con codigo de falla P0100: P1107,Falla de sensores del sistema del vehiculo
Luz Check Engine encendida con codigo de falla P0100: P1108,Falla de sensores del sistema del vehiculo
Luz Check Engine encendida con codigo de falla P0100: P1109,Falla de sensores del sistema del vehiculo
Luz Check Engine encendida con codigo de falla P0100: P1110,Falla de sensores del sistema del vehiculo
Luz Check Engine encendida con codigo de falla P0100: P1111,Falla de sensores del sistema del vehiculo
Luz Check Engine encendida con codigo de falla P0100: P1112,Falla de sensores del sistema del vehiculo
Luz Check Engine encendida con codigo de falla P0100: P1113,Falla de sensores del sistema del vehiculo
Luz Check Engine encendida con codigo de falla P0100: P1114,Falla de sensores del sistema del vehiculo
Luz Check Engine encendida con codigo de falla P0100: P1115,Falla de sensores del sistema del vehiculo
Luz Check Engine encendida con codigo de falla P0100: P1116,Falla de sensores del sistema del vehiculo
Luz Check Engine encendida con codigo de falla P0100: P1117,Falla de sensores del sistema del vehiculo
Luz Check Engine encendida con codigo de falla P0100: P1118,Falla de sensores del sistema del vehiculo
Luz Check Engine encendida con codigo de falla P0100: P1119,Falla de sensores del sistema del vehiculo
Luz Check Engine encendida con codigo de falla P0100: P1120,Falla de sensores del sistema del vehiculo
Luz Check Engine encendida con codigo de falla P0100: P1121,Falla de sensores del sistema del vehiculo
Luz Check Engine encendida con codigo de falla P0100: P1122,Falla de sensores del sistema del vehiculo
Luz Check Engine encendida con codigo de falla P0100: P1123,Falla de sensores del sistema del vehiculo
Luz Check Engine encendida con codigo de falla P0100: P1124,Falla de sensores del sistema del vehiculo
Luz Check Engine encendida con codigo de falla P0100: P1125,Falla de sensores del sistema del vehiculo
Luz Check Engine encendida con codigo de falla P0100: P1126,Falla de sensores del sistema del vehiculo
Luz Check Engine encendida con codigo de falla P0100: P1127,Falla de sensores del sistema del vehiculo
Luz Check Engine encendida con codigo de falla P0100: P1128,Falla de sensores del sistema del vehiculo
Luz Check Engine encendida con codigo de falla P0100: P1129,Falla de sensores del sistema del vehiculo
Luz Check Engine encendida con codigo de falla P0100: P1130,Falla de sensores del sistema del vehiculo
Luz Check Engine encendida con codigo de falla P0100: P1131,Falla de sensores del sistema del vehiculo
Luz Check Engine encendida con codigo de falla P0100: P1132,Falla de sensores del sistema del vehiculo
Luz Check Engine encendida con codigo de falla P0100: P1133,Falla de sensores del sistema del vehiculo
Luz Check Engine encendida con codigo de falla P0100: P1134,Falla de sensores del sistema del vehiculo
Luz Check Engine encendida con codigo de falla P0100: P1135,Falla de sensores del sistema del vehiculo
Luz Check Engine encendida con codigo de falla P0100: P1136,Falla de sensores del sistema del vehiculo
Luz Check Engine encendida con codigo de falla P0100: P1137,Falla de sensores del sistema del vehiculo
Luz Check Engine encendida con codigo de falla P0100: P1138,Falla de sensores del sistema del vehiculo
Luz Check Engine encendida con codigo de falla P0100: P1139,Falla de sensores del sistema del vehiculo
Luz Check Engine encendida con codigo de falla P0100: P1140,Falla de sensores del sistema del vehiculo
Luz Check Engine encendida con codigo de falla P0100: P1141,Falla de sensores del sistema del vehiculo
Luz Check Engine encendida con codigo de falla P0100: P1142,Falla de sensores del sistema del vehiculo
Luz Check Engine encendida con codigo de falla P0100: P1143,Falla de sensores del sistema del vehiculo
Luz Check Engine encendida con codigo de falla P0100: P1144,Falla de sensores del sistema del vehiculo
Luz Check Engine encendida con codigo de falla P0100: P1150,Falla de sensores del sistema del vehiculo
Luz Check Engine encendida con codigo de falla P0100: P1151,Falla de sensores del sistema del vehiculo
Luz Check Engine encendida con codigo de falla P0100: P1152,Falla de sensores del sistema del vehiculo
Luz Check Engine encendida con codigo de falla P0100: P1153,Falla de sensores del sistema del vehiculo
Luz Check Engine encendida con codigo de falla P0100: P1154,Falla de sensores del sistema del vehiculo
Luz Check Engine encendida con codigo de falla P0100: P1155,Falla de sensores del sistema del vehiculo
Luz Check Engine encendida con codigo de falla P0100: P1156,Falla de sensores del sistema del vehiculo
Luz Check Engine encendida con codigo de falla P0100: P1157,Falla de sensores del sistema del vehiculo
Luz Check Engine encendida con codigo de falla P0100: P1158,Falla de sensores del sistema del vehiculo
Luz Check Engine encendida con codigo de falla P0100: P1159,Falla de sensores del sistema del vehiculo
Luz Check Engine encendida con codigo de falla P0100: P1167,Falla de sensores del sistema del vehiculo
Luz Check Engine encendida con codigo de falla P0100: P1168,Falla de sensores del sistema del vehiculo
Luz Check Engine encendida con codigo de falla P0100: P1169,Falla de sensores del sistema del vehiculo
Luz Check Engine encendida con codigo de falla P0100: P1170,Falla de sensores del sistema del vehiculo
Luz Check Engine encendida con codigo de falla P0100: P1171,Falla de sensores del sistema del vehiculo
Luz Check Engine encendida con codigo de falla P0100: P1172,Falla de sensores del sistema del vehiculo
Luz Check Engine encendida con codigo de falla P0100: P1173,Falla de sensores del sistema del vehiculo
Luz Check Engine encendida con codigo de falla P0100: P1174,Falla de sensores del sistema del vehiculo
Luz Check Engine encendida con codigo de falla P0100: P1175,Falla de sensores del sistema del vehiculo
Luz Check Engine encendida con codigo de falla P0100: P1176,Falla de sensores del sistema del vehiculo
Luz Check Engine encendida con codigo de falla P0100: P1177,Falla de sensores del sistema del vehiculo
Luz Check Engine encendida con codigo de falla P0100: P1178,Falla de sensores del sistema del vehiculo
Luz Check Engine encendida con codigo de falla P0100: P1180,Falla de sensores del sistema del vehiculo
Luz Check Engine encendida con codigo de falla P0100: P1181,Falla de sensores del sistema del vehiculo
Luz Check Engine encendida con codigo de falla P0100: P1182,Falla de sensores del sistema del vehiculo
Luz Check Engine encendida con codigo de falla P0100: P1183,Falla de sensores del sistema del vehiculo
Luz Check Engine encendida con codigo de falla P0100: P1184,Falla de sensores del sistema del vehiculo
Luz Check Engine encendida con codigo de falla P0100: P1185,Falla de sensores del sistema del vehiculo
Luz Check Engine encendida con codigo de falla P0100: P1186,Falla de sensores del sistema del vehiculo
Luz Check Engine encendida con codigo de falla P0100: P1187,Falla de sensores del sistema del vehiculo
Luz Check Engine encendida con codigo de falla P0100: P1188,Falla de sensores del sistema del vehiculo
Luz Check Engine encendida con codigo de falla P0100: P1189,Falla de sensores del sistema del vehiculo
Luz Check Engine encendida con codigo de falla P0100: P1190,Falla de sensores del sistema del vehiculo
Luz Check Engine encendida con codigo de falla P0100: P1191,Falla de sensores del sistema del vehiculo
Luz Check Engine encendida con codigo de falla P0100: P1192,Falla de sensores del sistema del vehiculo
Luz Check Engine encendida con codigo de falla P0100: P1193,Falla de sensores del sistema del vehiculo
Luz Check Engine encendida con codigo de falla P0100: P1194,Falla de sensores del sistema del vehiculo
Luz Check Engine encendida con codigo de falla P0100: P1195,Falla de sensores del sistema del vehiculo
Luz Check Engine encendida con codigo de falla P0100: P1196,Falla de sensores del sistema del vehiculo
Luz Check Engine encendida con codigo de falla P0100: P1197,Falla de sensores del sistema del vehiculo
Luz Check Engine encendida con codigo de falla P0100: P1198,Falla de sensores del sistema del vehiculo
Luz Check Engine encendida con codigo de falla P0100: P1199,Falla de sensores del sistema del vehiculo
Luz Check Engine encendida con codigo de falla P0100: P1200,Falla de sensores del sistema del vehiculo
Luz Check Engine encendida con codigo de falla P0100: P1201,Falla de sensores del sistema del vehiculo
Luz Check Engine encendida con codigo de falla P0100: P1202,Falla de sensores del sistema del vehiculo
Luz Check Engine encendida con codigo de falla P0100: P1203,Falla de sensores del sistema del vehiculo
Luz Check Engine encendida con codigo de falla P0100: P1204,Falla de sensores del sistema del vehiculo
Luz Check Engine encendida con codigo de falla P0100: P1205,Falla de sensores del sistema del vehiculo
Luz Check Engine encendida con codigo de falla P0100: P1206,Falla de sensores del sistema del vehiculo
Luz Check Engine encendida con codigo de falla P0100: P1209,Falla de sensores del sistema del vehiculo
Luz Check Engine encendida con codigo de falla P0100: P1210,Falla de sensores del sistema del vehiculo
Luz Check Engine encendida con codigo de falla P0100: P1211,Falla de sensores del sistema del vehiculo
Luz Check Engine encendida con codigo de falla P0100: P1212,Falla de sensores del sistema del vehiculo
Luz Check Engine encendida con codigo de falla P0100: P1213,Falla de sensores del sistema del vehiculo
Luz Check Engine encendida con codigo de falla P0100: P1214,Falla de sensores del sistema del vehiculo
Luz Check Engine encendida con codigo de falla P0100: P1215,Falla de sensores del sistema del vehiculo
Luz Check Engine encendida con codigo de falla P0100: P1216,Falla de sensores del sistema del vehiculo
Luz Check Engine encendida con codigo de falla P0100: P1217,Falla de sensores del sistema del vehiculo
Luz Check Engine encendida con codigo de falla P0100: P1218,Falla de sensores del sistema del vehiculo
Luz Check Engine encendida con codigo de falla P0100: P1219,Falla de sensores del sistema del vehiculo
Luz Check Engine encendida con codigo de falla P0100: P1220,Falla de sensores del sistema del vehiculo
Luz Check Engine encendida con codigo de falla P0100: P1221,Falla de sensores del sistema del vehiculo
Luz Check Engine encendida con codigo de falla P0100: P1222,Falla de sensores del sistema del vehiculo
Luz Check Engine encendida con codigo de falla P0100: P1223,Falla de sensores del sistema del vehiculo
Luz Check Engine encendida con codigo de falla P0100: P1224,Falla de sensores del sistema del vehiculo
Luz Check Engine encendida con codigo de falla P0100: P1225,Falla de sensores del sistema del vehiculo
Luz Check Engine encendida con codigo de falla P0100: P1226,Falla de sensores del sistema del vehiculo
Luz Check Engine encendida con codigo de falla P0100: P1227,Falla de sensores del sistema del vehiculo
Luz Check Engine encendida con codigo de falla P0100: P1228,Falla de sensores del sistema del vehiculo
Luz Check Engine encendida con codigo de falla P0100: P1229,Falla de sensores del sistema del vehiculo
Luz Check Engine encendida con codigo de falla P0100: P1230,Falla de sensores del sistema del vehiculo
Luz Check Engine encendida con codigo de falla P0100: P1231,Falla de sensores del sistema del vehiculo
Luz Check Engine encendida con codigo de falla P0100: P1232,Falla de sensores del sistema del vehiculo
Luz Check Engine encendida con codigo de falla P0100: P1233,Falla de sensores del sistema del vehiculo
Luz Check Engine encendida con codigo de falla P0100: P1234,Falla de sensores del sistema del vehiculo
Luz Check Engine encendida con codigo de falla P0100: P1235,Falla de sensores del sistema del vehiculo
Luz Check Engine encendida con codigo de falla P0100: P1236,Falla de sensores del sistema del vehiculo
Luz Check Engine encendida con codigo de falla P0100: P1237,Falla de sensores del sistema del vehiculo
Luz Check Engine encendida con codigo de falla P0100: P1238,Falla de sensores del sistema del vehiculo
Luz Check Engine encendida con codigo de falla P0100: P1239,Falla de sensores del sistema del vehiculo
Luz Check Engine encendida con codigo de falla P0100: P1240,Falla de sensores del sistema del vehiculo
Luz Check Engine encendida con codigo de falla P0100: P1241,Falla de sensores del sistema del vehiculo
Luz Check Engine encendida con codigo de falla P0100: P1242,Falla de sensores del sistema del vehiculo
Luz Check Engine encendida con codigo de falla P0100: P1243,Falla de sensores del sistema del vehiculo
Luz Check Engine encendida con codigo de falla P0100: P1244,Falla de sensores del sistema del vehiculo
Luz Check Engine encendida con codigo de falla P0100: P1245,Falla de sensores del sistema del vehiculo
Luz Check Engine encendida con codigo de falla P0100: P1246,Falla de sensores del sistema del vehiculo
Luz Check Engine encendida con codigo de falla P0100: P1247,Falla de sensores del sistema del vehiculo
Luz Check Engine encendida con codigo de falla P0100: P1248,Falla de sensores del sistema del vehiculo
Luz Check Engine encendida con codigo de falla P0100: P1249,Falla de sensores del sistema del vehiculo
Luz Check Engine encendida con codigo de falla P0100: P1250,Falla de sensores del sistema del vehiculo
Luz Check Engine encendida con codigo de falla P0100: P1251,Falla de sensores del sistema del vehiculo
Luz Check Engine encendida con codigo de falla P0100: P1252,Falla de sensores del sistema del vehiculo
Luz Check Engine encendida con codigo de falla P0100: P1253,Falla de sensores del sistema del vehiculo
Luz Check Engine encendida con codigo de falla P0100: P1254,Falla de sensores del sistema del vehiculo
Luz Check Engine encendida con codigo de falla P0100: P1255,Falla de sensores del sistema del vehiculo
Luz Check Engine encendida con codigo de falla P0100: P1256,Falla de sensores del sistema del vehiculo
Luz Check Engine encendida con codigo de falla P0100: P1257,Falla de sensores del sistema del vehiculo
Luz Check Engine encendida con codigo de falla P0100: P1258,Falla de sensores del sistema del vehiculo
Luz Check Engine encendida con codigo de falla P0100: P1259,Falla de sensores del sistema del vehiculo
Luz Check Engine encendida con codigo de falla P0100: P1260,Falla de sensores del sistema del vehiculo
Luz Check Engine encendida con codigo de falla P0100: P1261,Falla de sensores del sistema del vehiculo
Luz Check Engine encendida con codigo de falla P0100: P1262,Falla de sensores del sistema del vehiculo
Luz Check Engine encendida con codigo de falla P0100: P1263,Falla de sensores del sistema del vehiculo
Luz Check Engine encendida con codigo de falla P0100: P1264,Falla de sensores del sistema del vehiculo
Luz Check Engine encendida con codigo de falla P0100: P1265,Falla de sensores del sistema del vehiculo
Luz Check Engine encendida con codigo de falla P0100: P1266,Falla de sensores del sistema del vehiculo
Luz Check Engine encendida con codigo de falla P0100: P1267,Falla de sensores del sistema del vehiculo
Luz Check Engine encendida con codigo de falla P0100: P1268,Falla de sensores del sistema del vehiculo
Luz Check Engine encendida con codigo de falla P0100: P1269,Falla de sensores del sistema del vehiculo
Luz Check Engine encendida con codigo de falla P0100: P1270,Falla de sensores del sistema del vehiculo
Luz Check Engine encendida con codigo de falla P0100: P1271,Falla de sensores del sistema del vehiculo
Luz Check Engine encendida con codigo de falla P0100: P1272,Falla de sensores del sistema del vehiculo
Luz Check Engine encendida con codigo de falla P0100: P1273,Falla de sensores del sistema del vehiculo
Luz Check Engine encendida con codigo de falla P0100: P1274,Falla de sensores del sistema del vehiculo
Luz Check Engine encendida con codigo de falla P0100: P1275,Falla de sensores del sistema del vehiculo
Luz Check Engine encendida con codigo de falla P0100: P1276,Falla de sensores del sistema del vehiculo
Luz Check Engine encendida con codigo de falla P0100: P1277,Falla de sensores del sistema del vehiculo
Luz Check Engine encendida con codigo de falla P0100: P1278,Falla de sensores del sistema del vehiculo
Luz Check Engine encendida con codigo de falla P0100: P1280,Falla de sensores del sistema del vehiculo
Luz Check Engine encendida con codigo de falla P0100: P1281,Falla de sensores del sistema del vehiculo
Luz Check Engine encendida con codigo de falla P0100: P1282,Falla de sensores del sistema del vehiculo
Luz Check Engine encendida con codigo de falla P0100: P1283,Falla de sensores del sistema del vehiculo
Luz Check Engine encendida con codigo de falla P0100: P1284,Falla de sensores del sistema del vehiculo
Luz Check Engine encendida con codigo de falla P0100: P1285,Falla de sensores del sistema del vehiculo
Luz Check Engine encendida con codigo de falla P0100: P1286,Falla de sensores del sistema del vehiculo
Luz Check Engine encendida con codigo de falla P0100: P1287,Falla de sensores del sistema del vehiculo
Luz Check Engine encendida con codigo de falla P0100: P1288,Falla de sensores del sistema del vehiculo
Luz Check Engine encendida con codigo de falla P0100: P1289,Falla de sensores del sistema del vehiculo
Luz Check Engine encendida con codigo de falla P0100: P1290,Falla de sensores del sistema del vehiculo
Luz Check Engine encendida con codigo de falla P0100: P1291,Falla de sensores del sistema del vehiculo
Luz Check Engine encendida con codigo de falla P0100: P1292,Falla de sensores del sistema del vehiculo
Luz Check Engine encendida con codigo de falla P0100: P1293,Falla de sensores del sistema del vehiculo
Luz Check Engine encendida con codigo de falla P0100: P1294,Falla de sensores del sistema del vehiculo
Luz Check Engine encendida con codigo de falla P0100: P1295,Falla de sensores del sistema del vehiculo
Luz Check Engine encendida con codigo de falla P0100: P1296,Falla de sensores del sistema del vehiculo
Luz Check Engine encendida con codigo de falla P0100: P1297,Falla de sensores del sistema del vehiculo
Luz Check Engine encendida con codigo de falla P0100: P1298,Falla de sensores del sistema del vehiculo
Luz Check Engine encendida con codigo de falla P0100: P1299,Falla de sensores del sistema del vehiculo
Luz Check Engine encendida con codigo de falla P0100: P1300,Falla de sensores del sistema del vehiculo
Luz Check Engine encendida con codigo de falla P0100: P1301,Falla de sensores del sistema del vehiculo
Luz Check Engine encendida con codigo de falla P0100: P1302,Falla de sensores del sistema del vehiculo
Luz Check Engine encendida con codigo de falla P0100: P1303,Falla de sensores del sistema del vehiculo
Luz Check Engine encendida con codigo de falla P0100: P1304,Falla de sensores del sistema del vehiculo
Luz Check Engine encendida con codigo de falla P0100: P1305,Falla de sensores del sistema del vehiculo
Luz Check Engine encendida con codigo de falla P0100: P1306,Falla de sensores del sistema del vehiculo
Luz Check Engine encendida con codigo de falla P0100: P1307,Falla de sensores del sistema del vehiculo
Luz Check Engine encendida con codigo de falla P0100: P1308,Falla de sensores del sistema del vehiculo
Luz Check Engine encendida con codigo de falla P0100: P1309,Falla de sensores del sistema del vehiculo
Luz Check Engine encendida con codigo de falla P0100: P1313,Falla de sensores del sistema del vehiculo
Luz Check Engine encendida con codigo de falla P0100: P1314,Falla de sensores del sistema del vehiculo
Luz Check Engine encendida con codigo de falla P0100: P1315,Falla de sensores del sistema del vehiculo
Luz Check Engine encendida con codigo de falla P0100: P1316,Falla de sensores del sistema del vehiculo
Luz Check Engine encendida con codigo de falla P0100: P1317,Falla de sensores del sistema del vehiculo
Luz Check Engine encendida con codigo de falla P0100: P1336,Falla de sensores del sistema del vehiculo
Luz Check Engine encendida con codigo de falla P0100: P1340,Falla de sensores del sistema del vehiculo
Luz Check Engine encendida con codigo de falla P0100: P1341,Falla de sensores del sistema del vehiculo
Luz Check Engine encendida con codigo de falla P0100: P1345,Falla de sensores del sistema del vehiculo
Luz Check Engine encendida con codigo de falla P0100: P1346,Falla de sensores del sistema del vehiculo
Luz Check Engine encendida con codigo de falla P0100: P1347,Falla de sensores del sistema del vehiculo
Luz Check Engine encendida con codigo de falla P0100: P1348,Falla de sensores del sistema del vehiculo
Luz Check Engine encendida con codigo de falla P0100: P1349,Falla de sensores del sistema del vehiculo
Luz Check Engine encendida con codigo de falla P0100: P1350,Falla de sensores del sistema del vehiculo
Luz Check Engine encendida con codigo de falla P0100: P1351,Falla de sensores del sistema del vehiculo
Luz Check Engine encendida con codigo de falla P0100: P1352,Falla de sensores del sistema del vehiculo
Luz Check Engine encendida con codigo de falla P0100: P1353,Falla de sensores del sistema del vehiculo
Luz Check Engine encendida con codigo de falla P0100: P1354,Falla de sensores del sistema del vehiculo
Luz Check Engine encendida con codigo de falla P0100: P1355,Falla de sensores del sistema del vehiculo
Luz Check Engine encendida con codigo de falla P0100: P1360,Falla de sensores del sistema del vehiculo
Luz Check Engine encendida con codigo de falla P0100: P1361,Falla de sensores del sistema del vehiculo
Luz Check Engine encendida con codigo de falla P0100: P1362,Falla de sensores del sistema del vehiculo
Luz Check Engine encendida con codigo de falla P0100: P1363,Falla de sensores del sistema del vehiculo
Luz Check Engine encendida con codigo de falla P0100: P1364,Falla de sensores del sistema del vehiculo
Luz Check Engine encendida con codigo de falla P0100: P1365,Falla de sensores del sistema del vehiculo
Luz Check Engine encendida con codigo de falla P0100: P1366,Falla de sensores del sistema del vehiculo
Luz Check Engine encendida con codigo de falla P0100: P1367,Falla de sensores del sistema del vehiculo
Luz Check Engine encendida con codigo de falla P0100: P1368,Falla de sensores del sistema del vehiculo
Luz Check Engine encendida con codigo de falla P0100: P1369,Falla de sensores del sistema del vehiculo
Luz Check Engine encendida con codigo de falla P0100: P1370,Falla de sensores del sistema del vehiculo
Luz Check Engine encendida con codigo de falla P0100: P1371,Falla de sensores del sistema del vehiculo
Luz Check Engine encendida con codigo de falla P0100: P1372,Falla de sensores del sistema del vehiculo
Luz Check Engine encendida con codigo de falla P0100: P1373,Falla de sensores del sistema del vehiculo
Luz Check Engine encendida con codigo de falla P0100: P1374,Falla de sensores del sistema del vehiculo
Luz Check Engine encendida con codigo de falla P0100: P1375,Falla de sensores del sistema del vehiculo
Luz Check Engine encendida con codigo de falla P0100: P1376,Falla de sensores del sistema del vehiculo
Luz Check Engine encendida con codigo de falla P0100: P1380,Falla de sensores del sistema del vehiculo
Luz Check Engine encendida con codigo de falla P0100: P1381,Falla de sensores del sistema del vehiculo
Luz Check Engine encendida con codigo de falla P0100: P1382,Falla de sensores del sistema del vehiculo
Luz Check Engine encendida con codigo de falla P0100: P1383,Falla de sensores del sistema del vehiculo
Luz Check Engine encendida con codigo de falla P0100: P1384,Falla de sensores del sistema del vehiculo
Luz Check Engine encendida con codigo de falla P0100: P1385,Falla de sensores del sistema del vehiculo
Luz Check Engine encendida con codigo de falla P0100: P1386,Falla de sensores del sistema del vehiculo
Luz Check Engine encendida con codigo de falla P0100: P1387,Falla de sensores del sistema del vehiculo
Luz Check Engine encendida con codigo de falla P0100: P1388,Falla de sensores del sistema del vehiculo
Luz Check Engine encendida con codigo de falla P0100: P1389,Falla de sensores del sistema del vehiculo
Luz Check Engine encendida con codigo de falla P0100: P1390,Falla de sensores del sistema del vehiculo
Luz Check Engine encendida con codigo de falla P0100: P1391,Falla de sensores del sistema del vehiculo
Luz Check Engine encendida con codigo de falla P0100: P1392,Falla de sensores del sistema del vehiculo
Luz Check Engine encendida con codigo de falla P0100: P1393,Falla de sensores del sistema del vehiculo
Luz Check Engine encendida con codigo de falla P0100: P1394,Falla de sensores del sistema del vehiculo
Luz Check Engine encendida con codigo de falla P0100: P1395,Falla de sensores del sistema del vehiculo
Luz Check Engine encendida con codigo de falla P0100: P1396,Falla de sensores del sistema del vehiculo
Luz Check Engine encendida con codigo de falla P0100: P1397,Falla de sensores del sistema del vehiculo
Luz Check Engine encendida con codigo de falla P0100: P1398,Falla de sensores del sistema del vehiculo
Luz Check Engine encendida con codigo de falla P0100: P1399,Falla de sensores del sistema del vehiculo
Luz Check Engine encendida con codigo de falla P0100: P1400,Falla de sensores del sistema del vehiculo
Luz Check Engine encendida con codigo de falla P0100: P1401,Falla de sensores del sistema del vehiculo
Luz Check Engine encendida con codigo de falla P0100: P1402,Falla de sensores del sistema del vehiculo
Luz Check Engine encendida con codigo de falla P0100: P1403,Falla de sensores del sistema del vehiculo
Luz Check Engine encendida con codigo de falla P0100: P1404,Falla de sensores del sistema del vehiculo
Luz Check Engine encendida con codigo de falla P0100: P1405,Falla de sensores del sistema del vehiculo
Luz Check Engine encendida con codigo de falla P0100: P1406,Falla de sensores del sistema del vehiculo
Luz Check Engine encendida con codigo de falla P0100: P1407,Falla de sensores del sistema del vehiculo
Luz Check Engine encendida con codigo de falla P0100: P1408,Falla de sensores del sistema del vehiculo
Luz Check Engine encendida con codigo de falla P0100: P1409,Falla de sensores del sistema del vehiculo
Luz Check Engine encendida con codigo de falla P0100: P1411,Falla de sensores del sistema del vehiculo
Luz Check Engine encendida con codigo de falla P0100: P1413,Falla de sensores del sistema del vehiculo
Luz Check Engine encendida con codigo de falla P0100: P1414,Falla de sensores del sistema del vehiculo
Luz Check Engine encendida con codigo de falla P0100: P1415,Falla de sensores del sistema del vehiculo
Luz Check Engine encendida con codigo de falla P0100: P1416,Falla de sensores del sistema del vehiculo
Luz Check Engine encendida con codigo de falla P0100: P1417,Falla de sensores del sistema del vehiculo
Luz Check Engine encendida con codigo de falla P0100: P1418,Falla de sensores del sistema del vehiculo
Luz Check Engine encendida con codigo de falla P0100: P1419,Falla de sensores del sistema del vehiculo
Luz Check Engine encendida con codigo de falla P0100: P1420,Falla de sensores del sistema del vehiculo
Luz Check Engine encendida con codigo de falla P0100: P1421,Falla de sensores del sistema del vehiculo
Luz Check Engine encendida con codigo de falla P0100: P1422,Falla de sensores del sistema del vehiculo
Luz Check Engine encendida con codigo de falla P0100: P1423,Falla de sensores del sistema del vehiculo
Luz Check Engine encendida con codigo de falla P0100: P1424,Falla de sensores del sistema del vehiculo
Luz Check Engine encendida con codigo de falla P0100: P1425,Falla de sensores del sistema del vehiculo
Luz Check Engine encendida con codigo de falla P0100: P1426,Falla de sensores del sistema del vehiculo
Luz Check Engine encendida con codigo de falla P0100: P1427,Falla de sensores del sistema del vehiculo
Luz Check Engine encendida con codigo de falla P0100: P1428,Falla de sensores del sistema del vehiculo
Luz Check Engine encendida con codigo de falla P0100: P1429,Falla de sensores del sistema del vehiculo
Luz Check Engine encendida con codigo de falla P0100: P1430,Falla de sensores del sistema del vehiculo
Luz Check Engine encendida con codigo de falla P0100: P1433,Falla de sensores del sistema del vehiculo
Luz Check Engine encendida con codigo de falla P0100: P1434,Falla de sensores del sistema del vehiculo
Luz Check Engine encendida con codigo de falla P0100: P1435,Falla de sensores del sistema del vehiculo
Luz Check Engine encendida con codigo de falla P0100: P1436,Falla de sensores del sistema del vehiculo
Luz Check Engine encendida con codigo de falla P0100: P1437,Falla de sensores del sistema del vehiculo
Luz Check Engine encendida con codigo de falla P0100: P1438,Falla de sensores del sistema del vehiculo
Luz Check Engine encendida con codigo de falla P0100: P1439,Falla de sensores del sistema del vehiculo
Luz Check Engine encendida con codigo de falla P0100: P1440,Falla de sensores del sistema del vehiculo
Luz Check Engine encendida con codigo de falla P0100: P1441,Falla de sensores del sistema del vehiculo
Luz Check Engine encendida con codigo de falla P0100: P1442,Falla de sensores del sistema del vehiculo
Luz Check Engine encendida con codigo de falla P0100: P1443,Falla de sensores del sistema del vehiculo
Luz Check Engine encendida con codigo de falla P0100: P1444,Falla de sensores del sistema del vehiculo
Luz Check Engine encendida con codigo de falla P0100: P1445,Falla de sensores del sistema del vehiculo
Luz Check Engine encendida con codigo de falla P0100: P1446,Falla de sensores del sistema del vehiculo
Luz Check Engine encendida con codigo de falla P0100: P1447,Falla de sensores del sistema del vehiculo
Luz Check Engine encendida con codigo de falla P0100: P1448,Falla de sensores del sistema del vehiculo
Luz Check Engine encendida con codigo de falla P0100: P1449,Falla de sensores del sistema del vehiculo
Luz Check Engine encendida con codigo de falla P0100: P1450,Falla de sensores del sistema del vehiculo
Luz Check Engine encendida con codigo de falla P0100: P1451,Falla de sensores del sistema del vehiculo
Luz Check Engine encendida con codigo de falla P0100: P1452,Falla de sensores del sistema del vehiculo
Luz Check Engine encendida con codigo de falla P0100: P1453,Falla de sensores del sistema del vehiculo
Luz Check Engine encendida con codigo de falla P0100: P1454,Falla de sensores del sistema del vehiculo
Luz Check Engine encendida con codigo de falla P0100: P1455,Falla de sensores del sistema del vehiculo
Luz Check Engine encendida con codigo de falla P0100: P1456,Falla de sensores del sistema del vehiculo
Luz Check Engine encendida con codigo de falla P0100: P1457,Falla de sensores del sistema del vehiculo
Luz Check Engine encendida con codigo de falla P0100: P1460,Falla de sensores del sistema del vehiculo
Luz Check Engine encendida con codigo de falla P0100: P1461,Falla de sensores del sistema del vehiculo
Luz Check Engine encendida con codigo de falla P0100: P1462,Falla de sensores del sistema del vehiculo
Luz Check Engine encendida con codigo de falla P0100: P1463,Falla de sensores del sistema del vehiculo
Luz Check Engine encendida con codigo de falla P0100: P1464,Falla de sensores del sistema del vehiculo
Luz Check Engine encendida con codigo de falla P0100: P1465,Falla de sensores del sistema del vehiculo
Luz Check Engine encendida con codigo de falla P0100: P1466,Falla de sensores del sistema del vehiculo
Luz Check Engine encendida con codigo de falla P0100: P1467,Falla de sensores del sistema del vehiculo
Luz Check Engine encendida con codigo de falla P0100: P1468,Falla de sensores del sistema del vehiculo
Luz Check Engine encendida con codigo de falla P0100: P1469,Falla de sensores del sistema del vehiculo
Luz Check Engine encendida con codigo de falla P0100: P1470,Falla de sensores del sistema del vehiculo
Luz Check Engine encendida con codigo de falla P0100: P1471,Falla de sensores del sistema del vehiculo
Luz Check Engine encendida con codigo de falla P0100: P1472,Falla de sensores del sistema del vehiculo
Luz Check Engine encendida con codigo de falla P0100: P1473,Falla de sensores del sistema del vehiculo
Luz Check Engine encendida con codigo de falla P0100: P1474,Falla de sensores del sistema del vehiculo
Luz Check Engine encendida con codigo de falla P0100: P1475,Falla de sensores del sistema del vehiculo
Luz Check Engine encendida con codigo de falla P0100: P1476,Falla de sensores del sistema del vehiculo
Luz Check Engine encendida con codigo de falla P0100: P1477,Falla de sensores del sistema del vehiculo
Luz Check Engine encendida con codigo de falla P0100: P1478,Falla de sensores del sistema del vehiculo
Luz Check Engine encendida con codigo de falla P0100: P1479,Falla de sensores del sistema del vehiculo
Luz Check Engine encendida con codigo de falla P0100: P1480,Falla de sensores del sistema del vehiculo
Luz Check Engine encendida con codigo de falla P0100: P1481,Falla de sensores del sistema del vehiculo
Luz Check Engine encendida con codigo de falla P0100: P1482,Falla de sensores del sistema del vehiculo
Luz Check Engine encendida con codigo de falla P0100: P1483,Falla de sensores del sistema del vehiculo
Luz Check Engine encendida con codigo de falla P0100: P1484,Falla de sensores del sistema del vehiculo
Luz Check Engine encendida con codigo de falla P0100: P1485,Falla de sensores del sistema del vehiculo
Luz Check Engine encendida con codigo de falla P0100: P1486,Falla de sensores del sistema del vehiculo
Luz Check Engine encendida con codigo de falla P0100: P1487,Falla de sensores del sistema del vehiculo
Luz Check Engine encendida con codigo de falla P0100: P1490,Falla de sensores del sistema del vehiculo
Luz Check Engine encendida con codigo de falla P0100: P1491,Falla de sensores del sistema del vehiculo
Luz Check Engine encendida con codigo de falla P0100: P1492,Falla de sensores del sistema del vehiculo
Luz Check Engine encendida con codigo de falla P0100: P1493,Falla de sensores del sistema del vehiculo
Luz Check Engine encendida con codigo de falla P0100: P1494,Falla de sensores del sistema del vehiculo
Luz Check Engine encendida con codigo de falla P0100: P1495,Falla de sensores del sistema del vehiculo
Luz Check Engine encendida con codigo de falla P0100: P1500,Falla de sensores del sistema del vehiculo
Luz Check Engine encendida con codigo de falla P0100: P1501,Falla de sensores del sistema del vehiculo
Luz Check Engine encendida con codigo de falla P0100: P1502,Falla de sensores del sistema del vehiculo
Luz Check Engine encendida con codigo de falla P0100: P1503,Falla de sensores del sistema del vehiculo
Luz Check Engine encendida con codigo de falla P0100: P1504,Falla de sensores del sistema del vehiculo
Luz Check Engine encendida con codigo de falla P0100: P1505,Falla de sensores del sistema del vehiculo
Luz Check Engine encendida con codigo de falla P0100: P1506,Falla de sensores del sistema del vehiculo
Luz Check Engine encendida con codigo de falla P0100: P1507,Falla de sensores del sistema del vehiculo
Luz Check Engine encendida con codigo de falla P0100: P1508,Falla de sensores del sistema del vehiculo
Luz Check Engine encendida con codigo de falla P0100: P1509,Falla de sensores del sistema del vehiculo
Luz Check Engine encendida con codigo de falla P0100: P1510,Falla de sensores del sistema del vehiculo
Luz Check Engine encendida con codigo de falla P0100: P1511,Falla de sensores del sistema del vehiculo
Luz Check Engine encendida con codigo de falla P0100: P1512,Falla de sensores del sistema del vehiculo
Luz Check Engine encendida con codigo de falla P0100: P1513,Falla de sensores del sistema del vehiculo
Luz Check Engine encendida con codigo de falla P0100: P1514,Falla de sensores del sistema del vehiculo
Luz Check Engine encendida con codigo de falla P0100: P1515,Falla de sensores del sistema del vehiculo
Luz Check Engine encendida con codigo de falla P0100: P1516,Falla de sensores del sistema del vehiculo
Luz Check Engine encendida con codigo de falla P0100: P1517,Falla de sensores del sistema del vehiculo
Luz Check Engine encendida con codigo de falla P0100: P1518,Falla de sensores del sistema del vehiculo
Luz Check Engine encendida con codigo de falla P0100: P1519,Falla de sensores del sistema del vehiculo
Luz Check Engine encendida con codigo de falla P0100: P1520,Falla de sensores del sistema del vehiculo
Luz Check Engine encendida con codigo de falla P0100: P1521,Falla de sensores del sistema del vehiculo
Luz Check Engine encendida con codigo de falla P0100: P1522,Falla de sensores del sistema del vehiculo
Luz Check Engine encendida con codigo de falla P0100: P1523,Falla de sensores del sistema del vehiculo
Luz Check Engine encendida con codigo de falla P0100: P1524,Falla de sensores del sistema del vehiculo
Luz Check Engine encendida con codigo de falla P0100: P1525,Falla de sensores del sistema del vehiculo
Luz Check Engine encendida con codigo de falla P0100: P1526,Falla de sensores del sistema del vehiculo
Luz Check Engine encendida con codigo de falla P0100: P1527,Falla de sensores del sistema del vehiculo
Luz Check Engine encendida con codigo de falla P0100: P1528,Falla de sensores del sistema del vehiculo
Luz Check Engine encendida con codigo de falla P0100: P1529,Falla de sensores del sistema del vehiculo
Luz Check Engine encendida con codigo de falla P0100: P1530,Falla de sensores del sistema del vehiculo
Luz Check Engine encendida con codigo de falla P0100: P1531,Falla de sensores del sistema del vehiculo
Luz Check Engine encendida con codigo de falla P0100: P1532,Falla de sensores del sistema del vehiculo
Luz Check Engine encendida con codigo de falla P0100: P1533,Falla de sensores del sistema del vehiculo
Luz Check Engine encendida con codigo de falla P0100: P1534,Falla de sensores del sistema del vehiculo
Luz Check Engine encendida con codigo de falla P0100: P1535,Falla de sensores del sistema del vehiculo
Luz Check Engine encendida con codigo de falla P0100: P1536,Falla de sensores del sistema del vehiculo
Luz Check Engine encendida con codigo de falla P0100: P1537,Falla de sensores del sistema del vehiculo
Luz Check Engine encendida con codigo de falla P0100: P1538,Falla de sensores del sistema del vehiculo
Luz Check Engine encendida con codigo de falla P0100: P1539,Falla de sensores del sistema del vehiculo
Luz Check Engine encendida con codigo de falla P0100: P1540,Falla de sensores del sistema del vehiculo
Luz Check Engine encendida con codigo de falla P0100: P1549,Falla de sensores del sistema del vehiculo
Luz Check Engine encendida con codigo de falla P0100: P1550,Falla de sensores del sistema del vehiculo
Luz Check Engine encendida con codigo de falla P0100: P1565,Falla de sensores del sistema del vehiculo
Luz Check Engine encendida con codigo de falla P0100: P1566,Falla de sensores del sistema del vehiculo
Luz Check Engine encendida con codigo de falla P0100: P1567,Falla de sensores del sistema del vehiculo
Luz Check Engine encendida con codigo de falla P0100: P1568,Falla de sensores del sistema del vehiculo
Luz Check Engine encendida con codigo de falla P0100: P1571,Falla de sensores del sistema del vehiculo
Luz Check Engine encendida con codigo de falla P0100: P1572,Falla de sensores del sistema del vehiculo
Luz Check Engine encendida con codigo de falla P0100: P1573,Falla de sensores del sistema del vehiculo
Luz Check Engine encendida con codigo de falla P0100: P1574,Falla de sensores del sistema del vehiculo
Luz Check Engine encendida con codigo de falla P0100: P1575,Falla de sensores del sistema del vehiculo
Luz Check Engine encendida con codigo de falla P0100: P1576,Falla de sensores del sistema del vehiculo
Luz Check Engine encendida con codigo de falla P0100: P1577,Falla de sensores del sistema del vehiculo
Luz Check Engine encendida con codigo de falla P0100: P1578,Falla de sensores del sistema del vehiculo
Luz Check Engine encendida con codigo de falla P0100: P1579,Falla de sensores del sistema del vehiculo
Luz Check Engine encendida con codigo de falla P0100: P1580,Falla de sensores del sistema del vehiculo
Luz Check Engine encendida con codigo de falla P0100: P1581,Falla de sensores del sistema del vehiculo
Luz Check Engine encendida con codigo de falla P0100: P1582,Falla de sensores del sistema del vehiculo
Luz Check Engine encendida con codigo de falla P0100: P1583,Falla de sensores del sistema del vehiculo
Luz Check Engine encendida con codigo de falla P0100: P1584,Falla de sensores del sistema del vehiculo
Luz Check Engine encendida con codigo de falla P0100: P1585,Falla de sensores del sistema del vehiculo
Luz Check Engine encendida con codigo de falla P0100: P1586,Falla de sensores del sistema del vehiculo
Luz Check Engine encendida con codigo de falla P0100: P1587,Falla de sensores del sistema del vehiculo
Luz Check Engine encendida con codigo de falla P0100: P1588,Falla de sensores del sistema del vehiculo
Luz Check Engine encendida con codigo de falla P0100: P1589,Falla de sensores del sistema del vehiculo
Luz Check Engine encendida con codigo de falla P0100: P1600,Falla de sensores del sistema del vehiculo
Luz Check Engine encendida con codigo de falla P0100: P1601,Falla de sensores del sistema del vehiculo
Luz Check Engine encendida con codigo de falla P0100: P1602,Falla de sensores del sistema del vehiculo
Luz Check Engine encendida con codigo de falla P0100: P1603,Falla de sensores del sistema del vehiculo
Luz Check Engine encendida con codigo de falla P0100: P1604,Falla de sensores del sistema del vehiculo
Luz Check Engine encendida con codigo de falla P0100: P1605,Falla de sensores del sistema del vehiculo
Luz Check Engine encendida con codigo de falla P0100: P1606,Falla de sensores del sistema del vehiculo
Luz Check Engine encendida con codigo de falla P0100: P1607,Falla de sensores del sistema del vehiculo
Luz Check Engine encendida con codigo de falla P0100: P1608,Falla de sensores del sistema del vehiculo
Luz Check Engine encendida con codigo de falla P0100: P1609,Falla de sensores del sistema del vehiculo
Luz Check Engine encendida con codigo de falla P0100: P1610,Falla de sensores del sistema del vehiculo
Luz Check Engine encendida con codigo de falla P0100: P1611,Falla de sensores del sistema del vehiculo
Luz Check Engine encendida con codigo de falla P0100: P1612,Falla de sensores del sistema del vehiculo
Luz Check Engine encendida con codigo de falla P0100: P1613,Falla de sensores del sistema del vehiculo
Luz Check Engine encendida con codigo de falla P0100: P1614,Falla de sensores del sistema del vehiculo
Luz Check Engine encendida con codigo de falla P0100: P1615,Falla de sensores del sistema del vehiculo
Luz Check Engine encendida con codigo de falla P0100: P1616,Falla de sensores del sistema del vehiculo
Luz Check Engine encendida con codigo de falla P0100: P1617,Falla de sensores del sistema del vehiculo
Luz Check Engine encendida con codigo de falla P0100: P1618,Falla de sensores del sistema del vehiculo
Luz Check Engine encendida con codigo de falla P0100: P1619,Falla de sensores del sistema del vehiculo
Luz Check Engine encendida con codigo de falla P0100: P1620,Falla de sensores del sistema del vehiculo
Luz Check Engine encendida con codigo de falla P0100: P1621,Falla de sensores del sistema del vehiculo
Luz Check Engine encendida con codigo de falla P0100: P1622,Falla de sensores del sistema del vehiculo
Luz Check Engine encendida con codigo de falla P0100: P1623,Falla de sensores del sistema del vehiculo
Luz Check Engine encendida con codigo de falla P0100: P1624,Falla de sensores del sistema del vehiculo
Luz Check Engine encendida con codigo de falla P0100: P1625,Falla de sensores del sistema del vehiculo
Luz Check Engine encendida con codigo de falla P0100: P1626,Falla de sensores del sistema del vehiculo
Luz Check Engine encendida con codigo de falla P0100: P1627,Falla de sensores del sistema del vehiculo
Luz Check Engine encendida con codigo de falla P0100: P1628,Falla de sensores del sistema del vehiculo
Luz Check Engine encendida con codigo de falla P0100: P1629,Falla de sensores del sistema del vehiculo
Luz Check Engine encendida con codigo de falla P0100: P1630,Falla de sensores del sistema del vehiculo
Luz Check Engine encendida con codigo de falla P0100: P1631,Falla de sensores del sistema del vehiculo
Luz Check Engine encendida con codigo de falla P0100: P1632,Falla de sensores del sistema del vehiculo
Luz Check Engine encendida con codigo de falla P0100: P1633,Falla de sensores del sistema del vehiculo
Luz Check Engine encendida con codigo de falla P0100: P1634,Falla de sensores del sistema del vehiculo
Luz Check Engine encendida con codigo de falla P0100: P1635,Falla de sensores del sistema del vehiculo
Luz Check Engine encendida con codigo de falla P0100: P1636,Falla de sensores del sistema del vehiculo
Luz Check Engine encendida con codigo de falla P0100: P1637,Falla de sensores del sistema del vehiculo
Luz Check Engine encendida con codigo de falla P0100: P1638,Falla de sensores del sistema del vehiculo
Luz Check Engine encendida con codigo de falla P0100: P1639,Falla de sensores del sistema del vehiculo
Luz Check Engine encendida con codigo de falla P0100: P1640,Falla de sensores del sistema del vehiculo
Luz Check Engine encendida con codigo de falla P0100: P1641,Falla de sensores del sistema del vehiculo
Luz Check Engine encendida con codigo de falla P0100: P1642,Falla de sensores del sistema del vehiculo
Luz Check Engine encendida con codigo de falla P0100: P1643,Falla de sensores del sistema del vehiculo
Luz Check Engine encendida con codigo de falla P0100: P1644,Falla de sensores del sistema del vehiculo
Luz Check Engine encendida con codigo de falla P0100: P1645,Falla de sensores del sistema del vehiculo
Luz Check Engine encendida con codigo de falla P0100: P1650,Falla de sensores del sistema del vehiculo
Luz Check Engine encendida con codigo de falla P0100: P1651,Falla de sensores del sistema del vehiculo
Luz Check Engine encendida con codigo de falla P0100: P1652,Falla de sensores del sistema del vehiculo
Luz Check Engine encendida con codigo de falla P0100: P1653,Falla de sensores del sistema del vehiculo
Luz Check Engine encendida con codigo de falla P0100: P1654,Falla de sensores del sistema del vehiculo
Luz Check Engine encendida con codigo de falla P0100: P1655,Falla de sensores del sistema del vehiculo
Luz Check Engine encendida con codigo de falla P0100: P1660,Falla de sensores del sistema del vehiculo
Luz Check Engine encendida con codigo de falla P0100: P1661,Falla de sensores del sistema del vehiculo
Luz Check Engine encendida con codigo de falla P0100: P1662,Falla de sensores del sistema del vehiculo
Luz Check Engine encendida con codigo de falla P0100: P1663,Falla de sensores del sistema del vehiculo
Luz Check Engine encendida con codigo de falla P0100: P1667,Falla de sensores del sistema del vehiculo
Luz Check Engine encendida con codigo de falla P0100: P1668,Falla de sensores del sistema del vehiculo
Luz Check Engine encendida con codigo de falla P0100: P1670,Falla de sensores del sistema del vehiculo
Luz Check Engine encendida con codigo de falla P0100: P1680,Falla de sensores del sistema del vehiculo
Luz Check Engine encendida con codigo de falla P0100: P1681,Falla de sensores del sistema del vehiculo
Luz Check Engine encendida con codigo de falla P0100: P1682,Falla de sensores del sistema del vehiculo
Luz Check Engine encendida con codigo de falla P0100: P1683,Falla de sensores del sistema del vehiculo
Luz Check Engine encendida con codigo de falla P0100: P1684,Falla de sensores del sistema del vehiculo
Luz Check Engine encendida con codigo de falla P0100: P1685,Falla de sensores del sistema del vehiculo
Luz Check Engine encendida con codigo de falla P0100: P1686,Falla de sensores del sistema del vehiculo
Luz Check Engine encendida con codigo de falla P0100: P1687,Falla de sensores del sistema del vehiculo
Luz Check Engine encendida con codigo de falla P0100: P1688,Falla de sensores del sistema del vehiculo
Luz Check Engine encendida con codigo de falla P0100: P1689,Falla de sensores del sistema del vehiculo
Luz Check Engine encendida con codigo de falla P0100: P1690,Falla de sensores del sistema del vehiculo
Luz Check Engine encendida con codigo de falla P0100: P1691,Falla de sensores del sistema del vehiculo
Luz Check Engine encendida con codigo de falla P0100: P1692,Falla de sensores del sistema del vehiculo
Luz Check Engine encendida con codigo de falla P0100: P1693,Falla de sensores del sistema del vehiculo
Luz Check Engine encendida con codigo de falla P0100: P1694,Falla de sensores del sistema del vehiculo
Luz Check Engine encendida con codigo de falla P0100: P1700,Falla de sensores del sistema del vehiculo
Luz Check Engine encendida con codigo de falla P0100: P1701,Falla de sensores del sistema del vehiculo
Luz Check Engine encendida con codigo de falla P0100: P1702,Falla de sensores del sistema del vehiculo
Luz Check Engine encendida con codigo de falla P0100: P1703,Falla de sensores del sistema del vehiculo
Luz Check Engine encendida con codigo de falla P0100: P1704,Falla de sensores del sistema del vehiculo
Luz Check Engine encendida con codigo de falla P0100: P1705,Falla de sensores del sistema del vehiculo
Luz Check Engine encendida con codigo de falla P0100: P1706,Falla de sensores del sistema del vehiculo
Luz Check Engine encendida con codigo de falla P0100: P1707,Falla de sensores del sistema del vehiculo
Luz Check Engine encendida con codigo de falla P0100: P1708,Falla de sensores del sistema del vehiculo
Luz Check Engine encendida con codigo de falla P0100: P1709,Falla de sensores del sistema del vehiculo
Luz Check Engine encendida con codigo de falla P0100: P1711,Falla de sensores del sistema del vehiculo
Luz Check Engine encendida con codigo de falla P0100: P1712,Falla de sensores del sistema del vehiculo
Luz Check Engine encendida con codigo de falla P0100: P1713,Falla de sensores del sistema del vehiculo
Luz Check Engine encendida con codigo de falla P0100: P1714,Falla de sensores del sistema del vehiculo
Luz Check Engine encendida con codigo de falla P0100: P1715,Falla de sensores del sistema del vehiculo
Luz Check Engine encendida con codigo de falla P0100: P1716,Falla de sensores del sistema del vehiculo
Luz Check Engine encendida con codigo de falla P0100: P1717,Falla de sensores del sistema del vehiculo
Luz Check Engine encendida con codigo de falla P0100: P1718,Falla de sensores del sistema del vehiculo
Luz Check Engine encendida con codigo de falla P0100: P1720,Falla de sensores del sistema del vehiculo
Luz Check Engine encendida con codigo de falla P0100: P1721,Falla de sensores del sistema del vehiculo
Luz Check Engine encendida con codigo de falla P0100: P1722,Falla de sensores del sistema del vehiculo
Luz Check Engine encendida con codigo de falla P0100: P1723,Falla de sensores del sistema del vehiculo
Luz Check Engine encendida con codigo de falla P0100: P1724,Falla de sensores del sistema del vehiculo
Luz Check Engine encendida con codigo de falla P0100: P1725,Falla de sensores del sistema del vehiculo
Luz Check Engine encendida con codigo de falla P0100: P1726,Falla de sensores del sistema del vehiculo
Luz Check Engine encendida con codigo de falla P0100: P1727,Falla de sensores del sistema del vehiculo
Luz Check Engine encendida con codigo de falla P0100: P1728,Falla de sensores del sistema del vehiculo
Luz Check Engine encendida con codigo de falla P0100: P1729,Falla de sensores del sistema del vehiculo
Luz Check Engine encendida con codigo de falla P0100: P1730,Falla de sensores del sistema del vehiculo
Luz Check Engine encendida con codigo de falla P0100: P1731,Falla de sensores del sistema del vehiculo
Luz Check Engine encendida con codigo de falla P0100: P1732,Falla de sensores del sistema del vehiculo
Luz Check Engine encendida con codigo de falla P0100: P1733,Falla de sensores del sistema del vehiculo
Luz Check Engine encendida con codigo de falla P0100: P1734,Falla de sensores del sistema del vehiculo
Luz Check Engine encendida con codigo de falla P0100: P1735,Falla de sensores del sistema del vehiculo
Luz Check Engine encendida con codigo de falla P0100: P1736,Falla de sensores del sistema del vehiculo
Luz Check Engine encendida con codigo de falla P0100: P1737,Falla de sensores del sistema del vehiculo
Luz Check Engine encendida con codigo de falla P0100: P1738,Falla de sensores del sistema del vehiculo
Luz Check Engine encendida con codigo de falla P0100: P1739,Falla de sensores del sistema del vehiculo
Luz Check Engine encendida con codigo de falla P0100: P1740,Falla de sensores del sistema del vehiculo
Luz Check Engine encendida con codigo de falla P0100: P1741,Falla de sensores del sistema del vehiculo
Luz Check Engine encendida con codigo de falla P0100: P1742,Falla de sensores del sistema del vehiculo
Luz Check Engine encendida con codigo de falla P0100: P1743,Falla de sensores del sistema del vehiculo
Luz Check Engine encendida con codigo de falla P0100: P1744,Falla de sensores del sistema del vehiculo
Luz Check Engine encendida con codigo de falla P0100: P1745,Falla de sensores del sistema del vehiculo
Luz Check Engine encendida con codigo de falla P0100: P1746,Falla de sensores del sistema del vehiculo
Luz Check Engine encendida con codigo de falla P0100: P1747,Falla de sensores del sistema del vehiculo
Luz Check Engine encendida con codigo de falla P0100: P1748,Falla de sensores del sistema del vehiculo
Luz Check Engine encendida con codigo de falla P0100: P1749,Falla de sensores del sistema del vehiculo
Luz Check Engine encendida con codigo de falla P0100: P1751,Falla de sensores del sistema del vehiculo
Luz Check Engine encendida con codigo de falla P0100: P1754,Falla de sensores del sistema del vehiculo
Luz Check Engine encendida con codigo de falla P0100: P1755,Falla de sensores del sistema del vehiculo
Luz Check Engine encendida con codigo de falla P0100: P1756,Falla de sensores del sistema del vehiculo
Luz Check Engine encendida con codigo de falla P0100: P1760,Falla de sensores del sistema del vehiculo
Luz Check Engine encendida con codigo de falla P0100: P1761,Falla de sensores del sistema del vehiculo
Luz Check Engine encendida con codigo de falla P0100: P1762,Falla de sensores del sistema del vehiculo
Luz Check Engine encendida con codigo de falla P0100: P1765,Falla de sensores del sistema del vehiculo
Luz Check Engine encendida con codigo de falla P0100: P1767,Falla de sensores del sistema del vehiculo
Luz Check Engine encendida con codigo de falla P0100: P1768,Falla de sensores del sistema del vehiculo
Luz Check Engine encendida con codigo de falla P0100: P1769,Falla de sensores del sistema del vehiculo
Luz Check Engine encendida con codigo de falla P0100: P1770,Falla de sensores del sistema del vehiculo
Luz Check Engine encendida con codigo de falla P0100: P1775,Falla de sensores del sistema del vehiculo
Luz Check Engine encendida con codigo de falla P0100: P1776,Falla de sensores del sistema del vehiculo
Luz Check Engine encendida con codigo de falla P0100: P1777,Falla de sensores del sistema del vehiculo
Luz Check Engine encendida con codigo de falla P0100: P1778,Falla de sensores del sistema del vehiculo
Luz Check Engine encendida con codigo de falla P0100: P1779,Falla de sensores del sistema del vehiculo
Luz Check Engine encendida con codigo de falla P0100: P1780,Falla de sensores del sistema del vehiculo
Luz Check Engine encendida con codigo de falla P0100: P1781,Falla de sensores del sistema del vehiculo
Luz Check Engine encendida con codigo de falla P0100: P1782,Falla de sensores del sistema del vehiculo
Luz Check Engine encendida con codigo de falla P0100: P1783,Falla de sensores del sistema del vehiculo
Luz Check Engine encendida con codigo de falla P0100: P1784,Falla de sensores del sistema del vehiculo
Luz Check Engine encendida con codigo de falla P0100: P1785,Falla de sensores del sistema del vehiculo
Luz Check Engine encendida con codigo de falla P0100: P1786,Falla de sensores del sistema del vehiculo
Luz Check Engine encendida con codigo de falla P0100: P1787,Falla de sensores del sistema del vehiculo
Luz Check Engine encendida con codigo de falla P0100: P1788,Falla de sensores del sistema del vehiculo
Luz Check Engine encendida con codigo de falla P0100: P1789,Falla de sensores del sistema del vehiculo
Luz Check Engine encendida con codigo de falla P0100: P1790,Falla de sensores del sistema del vehiculo
Luz Check Engine encendida con codigo de falla P0100: P1791,Falla de sensores del sistema del vehiculo
Luz Check Engine encendida con codigo de falla P0100: P1792,Falla de sensores del sistema del vehiculo
Luz Check Engine encendida con codigo de falla P0100: P1793,Falla de sensores del sistema del vehiculo
Luz Check Engine encendida con codigo de falla P0100: P1794,Falla de sensores del sistema del vehiculo
Luz Check Engine encendida con codigo de falla P0100: P1795,Falla de sensores del sistema del vehiculo
Luz Check Engine encendida con codigo de falla P0100: P1796,Falla de sensores del sistema del vehiculo
Luz Check Engine encendida con codigo de falla P0100: P1797,Falla de sensores del sistema del vehiculo
Luz Check Engine encendida con codigo de falla P0100: P1798,Falla de sensores del sistema del vehiculo
Luz Check Engine encendida con codigo de falla P0100: P1799,Falla de sensores del sistema del vehiculo
Luz Check Engine encendida con codigo de falla P0100: P1800,Falla de sensores del sistema del vehiculo
Luz Check Engine encendida con codigo de falla P0100: P1801,Falla de sensores del sistema del vehiculo
Luz Check Engine encendida con codigo de falla P0100: P1802,Falla de sensores del sistema del vehiculo
Luz Check Engine encendida con codigo de falla P0100: P1803,Falla de sensores del sistema del vehiculo
Luz Check Engine encendida con codigo de falla P0100: P1804,Falla de sensores del sistema del vehiculo
Luz Check Engine encendida con codigo de falla P0100: P1805,Falla de sensores del sistema del vehiculo
Luz Check Engine encendida con codigo de falla P0100: P1806,Falla de sensores del sistema del vehiculo
Luz Check Engine encendida con codigo de falla P0100: P1807,Falla de sensores del sistema del vehiculo
Luz Check Engine encendida con codigo de falla P0100: P1808,Falla de sensores del sistema del vehiculo
Luz Check Engine encendida con codigo de falla P0100: P1809,Falla de sensores del sistema del vehiculo
Luz Check Engine encendida con codigo de falla P0100: P1810,Falla de sensores del sistema del vehiculo
Luz Check Engine encendida con codigo de falla P0100: P1811,Falla de sensores del sistema del vehiculo
Luz Check Engine encendida con codigo de falla P0100: P1812,Falla de sensores del sistema del vehiculo
Luz Check Engine encendida con codigo de falla P0100: P1813,Falla de sensores del sistema del vehiculo
Luz Check Engine encendida con codigo de falla P0100: P1814,Falla de sensores del sistema del vehiculo
Luz Check Engine encendida con codigo de falla P0100: P1815,Falla de sensores del sistema del vehiculo
Luz Check Engine encendida con codigo de falla P0100: P1816,Falla de sensores del sistema del vehiculo
Luz Check Engine encendida con codigo de falla P0100: P1817,Falla de sensores del sistema del vehiculo
Luz Check Engine encendida con codigo de falla P0100: P1818,Falla de sensores del sistema del vehiculo
Luz Check Engine encendida con codigo de falla P0100: P1819,Falla de sensores del sistema del vehiculo
Luz Check Engine encendida con codigo de falla P0100: P1820,Falla de sensores del sistema del vehiculo
Luz Check Engine encendida con codigo de falla P0100: P1821,Falla de sensores del sistema del vehiculo
Luz Check Engine encendida con codigo de falla P0100: P1822,Falla de sensores del sistema del vehiculo
Luz Check Engine encendida con codigo de falla P0100: P1823,Falla de sensores del sistema del vehiculo
Luz Check Engine encendida con codigo de falla P0100: P1824,Falla de sensores del sistema del vehiculo
Luz Check Engine encendida con codigo de falla P0100: P1825,Falla de sensores del sistema del vehiculo
Luz Check Engine encendida con codigo de falla P0100: P1826,Falla de sensores del sistema del vehiculo
Luz Check Engine encendida con codigo de falla P0100: P1827,Falla de sensores del sistema del vehiculo
Luz Check Engine encendida con codigo de falla P0100: P1828,Falla de sensores del sistema del vehiculo
Luz Check Engine encendida con codigo de falla P0100: P1829,Falla de sensores del sistema del vehiculo
Luz Check Engine encendida con codigo de falla P0100: P1830,Falla de sensores del sistema del vehiculo
Luz Check Engine encendida con codigo de falla P0100: P1831,Falla de sensores del sistema del vehiculo
Luz Check Engine encendida con codigo de falla P0100: P1832,Falla de sensores del sistema del vehiculo
Luz Check Engine encendida con codigo de falla P0100: P1833,Falla de sensores del sistema del vehiculo
Luz Check Engine encendida con codigo de falla P0100: P1834,Falla de sensores del sistema del vehiculo
Luz Check Engine encendida con codigo de falla P0100: P1835,Falla de sensores del sistema del vehiculo
Luz Check Engine encendida con codigo de falla P0100: P1836,Falla de sensores del sistema del vehiculo
Luz Check Engine encendida con codigo de falla P0100: P1837,Falla de sensores del sistema del vehiculo
Luz Check Engine encendida con codigo de falla P0100: P1838,Falla de sensores del sistema del vehiculo
Luz Check Engine encendida con codigo de falla P0100: P1839,Falla de sensores del sistema del vehiculo
Luz Check Engine encendida con codigo de falla P0100: P1840,Falla de sensores del sistema del vehiculo
Luz Check Engine encendida con codigo de falla P0100: P1841,Falla de sensores del sistema del vehiculo
Luz Check Engine encendida con codigo de falla P0100: P1842,Falla de sensores del sistema del vehiculo
Luz Check Engine encendida con codigo de falla P0100: P1843,Falla de sensores del sistema del vehiculo
Luz Check Engine encendida con codigo de falla P0100: P1844,Falla de sensores del sistema del vehiculo
Luz Check Engine encendida con codigo de falla P0100: P1845,Falla de sensores del sistema del vehiculo
Luz Check Engine encendida con codigo de falla P0100: P1846,Falla de sensores del sistema del vehiculo
Luz Check Engine encendida con codigo de falla P0100: P1847,Falla de sensores del sistema del vehiculo
Luz Check Engine encendida con codigo de falla P0100: P1848,Falla de sensores del sistema del vehiculo
Luz Check Engine encendida con codigo de falla P0100: P1849,Falla de sensores del sistema del vehiculo
Luz Check Engine encendida con codigo de falla P0100: P1850,Falla de sensores del sistema del vehiculo
Luz Check Engine encendida con codigo de falla P0100: P1867,Falla de sensores del sistema del vehiculo
Luz Check Engine encendida con codigo de falla P0100: P1868,Falla de sensores del sistema del vehiculo
Luz Check Engine encendida con codigo de falla P0100: P1869,Falla de sensores del sistema del vehiculo
Luz Check Engine encendida con codigo de falla P0100: P1870,Falla de sensores del sistema del vehiculo
Luz Check Engine encendida con codigo de falla P0100: P1871,Falla de sensores del sistema del vehiculo
Luz Check Engine encendida con codigo de falla P0100: P1872,Falla de sensores del sistema del vehiculo
Luz Check Engine encendida con codigo de falla P0100: P1873,Falla de sensores del sistema del vehiculo
Luz Check Engine encendida con codigo de falla P0100: P1874,Falla de sensores del sistema del vehiculo
Luz Check Engine encendida con codigo de falla P0100: P1875,Falla de sensores del sistema del vehiculo
Luz Check Engine encendida con codigo de falla P0100: P1876,Falla de sensores del sistema del vehiculo
Luz Check Engine encendida con codigo de falla P0100: P1877,Falla de sensores del sistema del vehiculo
Luz Check Engine encendida con codigo de falla P0100: P1878,Falla de sensores del sistema del vehiculo
Luz Check Engine encendida con codigo de falla P0100: P1879,Falla de sensores del sistema del vehiculo
Luz Check Engine encendida con codigo de falla P0100: P1880,Falla de sensores del sistema del vehiculo
Luz Check Engine encendida con codigo de falla P0100: P1881,Falla de sensores del sistema del vehiculo
Luz Check Engine encendida con codigo de falla P0100: P1882,Falla de sensores del sistema del vehiculo
Luz Check Engine encendida con codigo de falla P0100: P1883,Falla de sensores del sistema del vehiculo
Luz Check Engine encendida con codigo de falla P0100: P1884,Falla de sensores del sistema del vehiculo
Luz Check Engine encendida con codigo de falla P0100: P1885,Falla de sensores del sistema del vehiculo
Luz Check Engine encendida con codigo de falla P0100: P1886,Falla de sensores del sistema del vehiculo
Luz Check Engine encendida con codigo de falla P0100: P1890,Falla de sensores del sistema del vehiculo
Luz Check Engine encendida con codigo de falla P0100: P1891,Falla de sensores del sistema del vehiculo
Luz Check Engine encendida con codigo de falla P0100: P1900,Falla de sensores del sistema del vehiculo
Luz Check Engine encendida con codigo de falla P0100: P1901,Falla de sensores del sistema del vehiculo
Luz Check Engine encendida con codigo de falla P0100: P1902,Falla de sensores del sistema del vehiculo
Luz Check Engine encendida con codigo de falla P0100: P1903,Falla de sensores del sistema del vehiculo
Luz Check Engine encendida con codigo de falla P0100: P1904,Falla de sensores del sistema del vehiculo
Luz Check Engine encendida con codigo de falla P0100: P1905,Falla de sensores del sistema del vehiculo
Luz Check Engine encendida con codigo de falla P0100: P1906,Falla de sensores del sistema del vehiculo
Luz Check Engine encendida con codigo de falla P0100: P1907,Falla de sensores del sistema del vehiculo
Luz Check Engine encendida con codigo de falla P0100: P1908,Falla de sensores del sistema del vehiculo
Luz Check Engine encendida con codigo de falla P0100: P1909,Falla de sensores del sistema del vehiculo
Luz Check Engine encendida con codigo de falla P0100: P1910,Falla de sensores del sistema del vehiculo
Luz Check Engine encendida con codigo de falla P0100: P1911,Falla de sensores del sistema del vehiculo
Luz Check Engine encendida con codigo de falla P0100: P1912,Falla de sensores del sistema del vehiculo
Luz Check Engine encendida con codigo de falla P0100: P1913,Falla de sensores del sistema del vehiculo
Luz Check Engine encendida con codigo de falla P0100: P1914,Falla de sensores del sistema del vehiculo
Luz Check Engine encendida con codigo de falla P0100: P1915,Falla de sensores del sistema del vehiculo
Luz Check Engine encendida con codigo de falla P0100: P1916,Falla de sensores del sistema del vehiculo
Luz Check Engine encendida con codigo de falla P0100: P1917,Falla de sensores del sistema del vehiculo
Luz Check Engine encendida con codigo de falla P0100: P1918,Falla de sensores del sistema del vehiculo
Luz Check Engine encendida con codigo de falla P0100: B1200,Falla de sensores del sistema del vehiculo
Luz Check Engine encendida con codigo de falla P0100: B1201,Falla de sensores del sistema del vehiculo
Luz Check Engine encendida con codigo de falla P0100: B1202,Falla de sensores del sistema del vehiculo
Luz Check Engine encendida con codigo de falla P0100: B1203,Falla de sensores del sistema del vehiculo
Luz Check Engine encendida con codigo de falla P0100: B1204,Falla de sensores del sistema del vehiculo
Luz Check Engine encendida con codigo de falla P0100: B1205,Falla de sensores del sistema del vehiculo
Luz Check Engine encendida con codigo de falla P0100: B1206,Falla de sensores del sistema del vehiculo
Luz Check Engine encendida con codigo de falla P0100: B1207,Falla de sensores del sistema del vehiculo
Luz Check Engine encendida con codigo de falla P0100: B1208,Falla de sensores del sistema del vehiculo
Luz Check Engine encendida con codigo de falla P0100: B1209,Falla de sensores del sistema del vehiculo
Luz Check Engine encendida con codigo de falla P0100: B1210,Falla de sensores del sistema del vehiculo
Luz Check Engine encendida con codigo de falla P0100: B1211,Falla de sensores del sistema del vehiculo
Luz Check Engine encendida con codigo de falla P0100: B1212,Falla de sensores del sistema del vehiculo
Luz Check Engine encendida con codigo de falla P0100: B1213,Falla de sensores del sistema del vehiculo
Luz Check Engine encendida con codigo de falla P0100: B1214,Falla de sensores del sistema del vehiculo
Luz Check Engine encendida con codigo de falla P0100: B1215,Falla de sensores del sistema del vehiculo
Luz Check Engine encendida con codigo de falla P0100: B1216,Falla de sensores del sistema del vehiculo
Luz Check Engine encendida con codigo de falla P0100: B1217,Falla de sensores del sistema del vehiculo
Luz Check Engine encendida con codigo de falla P0100: B1218,Falla de sensores del sistema del vehiculo
Luz Check Engine encendida con codigo de falla P0100: B1219,Falla de sensores del sistema del vehiculo
Luz Check Engine encendida con codigo de falla P0100: B1220,Falla de sensores del sistema del vehiculo
Luz Check Engine encendida con codigo de falla P0100: B1222,Falla de sensores del sistema del vehiculo
Luz Check Engine encendida con codigo de falla P0100: B1223,Falla de sensores del sistema del vehiculo
Luz Check Engine encendida con codigo de falla P0100: B1224,Falla de sensores del sistema del vehiculo
Luz Check Engine encendida con codigo de falla P0100: B1225,Falla de sensores del sistema del vehiculo
Luz Check Engine encendida con codigo de falla P0100: B1226,Falla de sensores del sistema del vehiculo
Luz Check Engine encendida con codigo de falla P0100: B1227,Falla de sensores del sistema del vehiculo
Luz Check Engine encendida con codigo de falla P0100: B1228,Falla de sensores del sistema del vehiculo
Luz Check Engine encendida con codigo de falla P0100: B1229,Falla de sensores del sistema del vehiculo
Luz Check Engine encendida con codigo de falla P0100: B1231,Falla de sensores del sistema del vehiculo
Luz Check Engine encendida con codigo de falla P0100: B1232,Falla de sensores del sistema del vehiculo
Luz Check Engine encendida con codigo de falla P0100: B1233,Falla de sensores del sistema del vehiculo
Luz Check Engine encendida con codigo de falla P0100: B1234,Falla de sensores del sistema del vehiculo
Luz Check Engine encendida con codigo de falla P0100: B1235,Falla de sensores del sistema del vehiculo
Luz Check Engine encendida con codigo de falla P0100: B1236,Falla de sensores del sistema del vehiculo
Luz Check Engine encendida con codigo de falla P0100: B1237,Falla de sensores del sistema del vehiculo
Luz Check Engine encendida con codigo de falla P0100: B1238,Falla de sensores del sistema del vehiculo
Luz Check Engine encendida con codigo de falla P0100: B1239,Falla de sensores del sistema del vehiculo
Luz Check Engine encendida con codigo de falla P0100: B1240,Falla de sensores del sistema del vehiculo
Luz Check Engine encendida con codigo de falla P0100: B1241,Falla de sensores del sistema del vehiculo
Luz Check Engine encendida con codigo de falla P0100: B1242,Falla de sensores del sistema del vehiculo
Luz Check Engine encendida con codigo de falla P0100: B1243,Falla de sensores del sistema del vehiculo
Luz Check Engine encendida con codigo de falla P0100: B1244,Falla de sensores del sistema del vehiculo
Luz Check Engine encendida con codigo de falla P0100: B1245,Falla de sensores del sistema del vehiculo
Luz Check Engine encendida con codigo de falla P0100: B1246,Falla de sensores del sistema del vehiculo
Luz Check Engine encendida con codigo de falla P0100: B1247,Falla de sensores del sistema del vehiculo
Luz Check Engine encendida con codigo de falla P0100: B1249,Falla de sensores del sistema del vehiculo
Luz Check Engine encendida con codigo de falla P0100: B1250,Falla de sensores del sistema del vehiculo
Luz Check Engine encendida con codigo de falla P0100: B1251,Falla de sensores del sistema del vehiculo
Luz Check Engine encendida con codigo de falla P0100: B1252,Falla de sensores del sistema del vehiculo
Luz Check Engine encendida con codigo de falla P0100: B1253,Falla de sensores del sistema del vehiculo
Luz Check Engine encendida con codigo de falla P0100: B1254,Falla de sensores del sistema del vehiculo
Luz Check Engine encendida con codigo de falla P0100: B1255,Falla de sensores del sistema del vehiculo
Luz Check Engine encendida con codigo de falla P0100: B1256,Falla de sensores del sistema del vehiculo
Luz Check Engine encendida con codigo de falla P0100: B1257,Falla de sensores del sistema del vehiculo
Luz Check Engine encendida con codigo de falla P0100: B1258,Falla de sensores del sistema del vehiculo
Luz Check Engine encendida con codigo de falla P0100: B1259,Falla de sensores del sistema del vehiculo
Luz Check Engine encendida con codigo de falla P0100: B1260,Falla de sensores del sistema del vehiculo
Luz Check Engine encendida con codigo de falla P0100: B1261,Falla de sensores del sistema del vehiculo
Luz Check Engine encendida con codigo de falla P0100: B1262,Falla de sensores del sistema del vehiculo
Luz Check Engine encendida con codigo de falla P0100: B1263,Falla de sensores del sistema del vehiculo
Luz Check Engine encendida con codigo de falla P0100: B1264,Falla de sensores del sistema del vehiculo
Luz Check Engine encendida con codigo de falla P0100: B1265,Falla de sensores del sistema del vehiculo
Luz Check Engine encendida con codigo de falla P0100: B1266,Falla de sensores del sistema del vehiculo
Luz Check Engine encendida con codigo de falla P0100: B1267,Falla de sensores del sistema del vehiculo
Luz Check Engine encendida con codigo de falla P0100: B1268,Falla de sensores del sistema del vehiculo
Luz Check Engine encendida con codigo de falla P0100: B1269,Falla de sensores del sistema del vehiculo
Luz Check Engine encendida con codigo de falla P0100: B1270,Falla de sensores del sistema del vehiculo
Luz Check Engine encendida con codigo de falla P0100: B1271,Falla de sensores del sistema del vehiculo
Luz Check Engine encendida con codigo de falla P0100: B1272,Falla de sensores del sistema del vehiculo
Luz Check Engine encendida con codigo de falla P0100: B1273,Falla de sensores del sistema del vehiculo
Luz Check Engine encendida con codigo de falla P0100: B1274,Falla de sensores del sistema del vehiculo
Luz Check Engine encendida con codigo de falla P0100: B1275,Falla de sensores del sistema del vehiculo
Luz Check Engine encendida con codigo de falla P0100: B1276,Falla de sensores del sistema del vehiculo
Luz Check Engine encendida con codigo de falla P0100: B1277,Falla de sensores del sistema del vehiculo
Luz Check Engine encendida con codigo de falla P0100: B1278,Falla de sensores del sistema del vehiculo
Luz Check Engine encendida con codigo de falla P0100: B1279,Falla de sensores del sistema del vehiculo
Luz Check Engine encendida con codigo de falla P0100: B1280,Falla de sensores del sistema del vehiculo
Luz Check Engine encendida con codigo de falla P0100: B1281,Falla de sensores del sistema del vehiculo
Luz Check Engine encendida con codigo de falla P0100: B1282,Falla de sensores del sistema del vehiculo
Luz Check Engine encendida con codigo de falla P0100: B1283,Falla de sensores del sistema del vehiculo
Luz Check Engine encendida con codigo de falla P0100: B1284,Falla de sensores del sistema del vehiculo
Luz Check Engine encendida con codigo de falla P0100: B1285,Falla de sensores del sistema del vehiculo
Luz Check Engine encendida con codigo de falla P0100: B1286,Falla de sensores del sistema del vehiculo
Luz Check Engine encendida con codigo de falla P0100: B1287,Falla de sensores del sistema del vehiculo
Luz Check Engine encendida con codigo de falla P0100: B1288,Falla de sensores del sistema del vehiculo
Luz Check Engine encendida con codigo de falla P0100: B1289,Falla de sensores del sistema del vehiculo
Luz Check Engine encendida con codigo de falla P0100: B1290,Falla de sensores del sistema del vehiculo
Luz Check Engine encendida con codigo de falla P0100: B1291,Falla de sensores del sistema del vehiculo
Luz Check Engine encendida con codigo de falla P0100: B1292,Falla de sensores del sistema del vehiculo
Luz Check Engine encendida con codigo de falla P0100: B1293,Falla de sensores del sistema del vehiculo
Luz Check Engine encendida con codigo de falla P0100: B1294,Falla de sensores del sistema del vehiculo
Luz Check Engine encendida con codigo de falla P0100: B1295,Falla de sensores del sistema del vehiculo
Luz Check Engine encendida con codigo de falla P0100: B1296,Falla de sensores del sistema del vehiculo
Luz Check Engine encendida con codigo de falla P0100: B1297,Falla de sensores del sistema del vehiculo
Luz Check Engine encendida con codigo de falla P0100: B1298,Falla de sensores del sistema del vehiculo
Luz Check Engine encendida con codigo de falla P0100: B1299,Falla de sensores del sistema del vehiculo
Luz Check Engine encendida con codigo de falla P0100: B1300,Falla de sensores del sistema del vehiculo
Luz Check Engine encendida con codigo de falla P0100: B1301,Falla de sensores del sistema del vehiculo
Luz Check Engine encendida con codigo de falla P0100: B1302,Falla de sensores del sistema del vehiculo
Luz Check Engine encendida con codigo de falla P0100: B1303,Falla de sensores del sistema del vehiculo
Luz Check Engine encendida con codigo de falla P0100: B1304,Falla de sensores del sistema del vehiculo
Luz Check Engine encendida con codigo de falla P0100: B1305,Falla de sensores del sistema del vehiculo
Luz Check Engine encendida con codigo de falla P0100: B1306,Falla de sensores del sistema del vehiculo
Luz Check Engine encendida con codigo de falla P0100: B1307,Falla de sensores del sistema del vehiculo
Luz Check Engine encendida con codigo de falla P0100: B1308,Falla de sensores del sistema del vehiculo
Luz Check Engine encendida con codigo de falla P0100: B1309,Falla de sensores del sistema del vehiculo
Luz Check Engine encendida con codigo de falla P0100: B1310,Falla de sensores del sistema del vehiculo
Luz Check Engine encendida con codigo de falla P0100: B1311,Falla de sensores del sistema del vehiculo
Luz Check Engine encendida con codigo de falla P0100: B1312,Falla de sensores del sistema del vehiculo
Luz Check Engine encendida con codigo de falla P0100: B1313,Falla de sensores del sistema del vehiculo
Luz Check Engine encendida con codigo de falla P0100: B1314,Falla de sensores del sistema del vehiculo
Luz Check Engine encendida con codigo de falla P0100: B1315,Falla de sensores del sistema del vehiculo
Luz Check Engine encendida con codigo de falla P0100: B1316,Falla de sensores del sistema del vehiculo
Luz Check Engine encendida con codigo de falla P0100: B1317,Falla de sensores del sistema del vehiculo
Luz Check Engine encendida con codigo de falla P0100: B1318,Falla de sensores del sistema del vehiculo
Luz Check Engine encendida con codigo de falla P0100: B1319,Falla de sensores del sistema del vehiculo
Luz Check Engine encendida con codigo de falla P0100: B1320,Falla de sensores del sistema del vehiculo
Luz Check Engine encendida con codigo de falla P0100: B1321,Falla de sensores del sistema del vehiculo
Luz Check Engine encendida con codigo de falla P0100: B1322,Falla de sensores del sistema del vehiculo
Luz Check Engine encendida con codigo de falla P0100: B1323,Falla de sensores del sistema del vehiculo
Luz Check Engine encendida con codigo de falla P0100: B1324,Falla de sensores del sistema del vehiculo
Luz Check Engine encendida con codigo de falla P0100: B1325,Falla de sensores del sistema del vehiculo
Luz Check Engine encendida con codigo de falla P0100: B1326,Falla de sensores del sistema del vehiculo
Luz Check Engine encendida con codigo de falla P0100: B1327,Falla de sensores del sistema del vehiculo
Luz Check Engine encendida con codigo de falla P0100: B1328,Falla de sensores del sistema del vehiculo
Luz Check Engine encendida con codigo de falla P0100: B1329,Falla de sensores del sistema del vehiculo
Luz Check Engine encendida con codigo de falla P0100: B1330,Falla de sensores del sistema del vehiculo
Luz Check Engine encendida con codigo de falla P0100: B1331,Falla de sensores del sistema del vehiculo
Luz Check Engine encendida con codigo de falla P0100: B1332,Falla de sensores del sistema del vehiculo
Luz Check Engine encendida con codigo de falla P0100: B1333,Falla de sensores del sistema del vehiculo
Luz Check Engine encendida con codigo de falla P0100: B1334,Falla de sensores del sistema del vehiculo
Luz Check Engine encendida con codigo de falla P0100: B1335,Falla de sensores del sistema del vehiculo
Luz Check Engine encendida con codigo de falla P0100: B1336,Falla de sensores del sistema del vehiculo
Luz Check Engine encendida con codigo de falla P0100: B1337,Falla de sensores del sistema del vehiculo
Luz Check Engine encendida con codigo de falla P0100: B1338,Falla de sensores del sistema del vehiculo
Luz Check Engine encendida con codigo de falla P0100: B1339,Falla de sensores del sistema del vehiculo
Luz Check Engine encendida con codigo de falla P0100: B1340,Falla de sensores del sistema del vehiculo
Luz Check Engine encendida con codigo de falla P0100: B1341,Falla de sensores del sistema del vehiculo
Luz Check Engine encendida con codigo de falla P0100: B1342,Falla de sensores del sistema del vehiculo
Luz Check Engine encendida con codigo de falla P0100: B1343,Falla de sensores del sistema del vehiculo
Luz Check Engine encendida con codigo de falla P0100: B1344,Falla de sensores del sistema del vehiculo
Luz Check Engine encendida con codigo de falla P0100: B1345,Falla de sensores del sistema del vehiculo
Luz Check Engine encendida con codigo de falla P0100: B1346,Falla de sensores del sistema del vehiculo
Luz Check Engine encendida con codigo de falla P0100: B1347,Falla de sensores del sistema del vehiculo
Luz Check Engine encendida con codigo de falla P0100: B1348,Falla de sensores del sistema del vehiculo
Luz Check Engine encendida con codigo de falla P0100: B1349,Falla de sensores del sistema del vehiculo
Luz Check Engine encendida con codigo de falla P0100: B1350,Falla de sensores del sistema del vehiculo
Luz Check Engine encendida con codigo de falla P0100: B1351,Falla de sensores del sistema del vehiculo
Luz Check Engine encendida con codigo de falla P0100: B1352,Falla de sensores del sistema del vehiculo
Luz Check Engine encendida con codigo de falla P0100: B1353,Falla de sensores del sistema del vehiculo
Luz Check Engine encendida con codigo de falla P0100: B1354,Falla de sensores del sistema del vehiculo
Luz Check Engine encendida con codigo de falla P0100: B1355,Falla de sensores del sistema del vehiculo
Luz Check Engine encendida con codigo de falla P0100: B1356,Falla de sensores del sistema del vehiculo
Luz Check Engine encendida con codigo de falla P0100: B1357,Falla de sensores del sistema del vehiculo
Luz Check Engine encendida con codigo de falla P0100: B1358,Falla de sensores del sistema del vehiculo
Luz Check Engine encendida con codigo de falla P0100: B1359,Falla de sensores del sistema del vehiculo
Luz Check Engine encendida con codigo de falla P0100: B1360,Falla de sensores del sistema del vehiculo
Luz Check Engine encendida con codigo de falla P0100: B1361,Falla de sensores del sistema del vehiculo
Luz Check Engine encendida con codigo de falla P0100: B1362,Falla de sensores del sistema del vehiculo
Luz Check Engine encendida con codigo de falla P0100: B1363,Falla de sensores del sistema del vehiculo
Luz Check Engine encendida con codigo de falla P0100: B1364,Falla de sensores del sistema del vehiculo
Luz Check Engine encendida con codigo de falla P0100: B1365,Falla de sensores del sistema del vehiculo
Luz Check Engine encendida con codigo de falla P0100: B1366,Falla de sensores del sistema del vehiculo
Luz Check Engine encendida con codigo de falla P0100: B1367,Falla de sensores del sistema del vehiculo
Luz Check Engine encendida con codigo de falla P0100: B1368,Falla de sensores del sistema del vehiculo
Luz Check Engine encendida con codigo de falla P0100: B1369,Falla de sensores del sistema del vehiculo
Luz Check Engine encendida con codigo de falla P0100: B1370,Falla de sensores del sistema del vehiculo
Luz Check Engine encendida con codigo de falla P0100: B1371,Falla de sensores del sistema del vehiculo
Luz Check Engine encendida con codigo de falla P0100: B1372,Falla de sensores del sistema del vehiculo
Luz Check Engine encendida con codigo de falla P0100: B1373,Falla de sensores del sistema del vehiculo
Luz Check Engine encendida con codigo de falla P0100: B1374,Falla de sensores del sistema del vehiculo
Luz Check Engine encendida con codigo de falla P0100: B1375,Falla de sensores del sistema del vehiculo
Luz Check Engine encendida con codigo de falla P0100: B1376,Falla de sensores del sistema del vehiculo
Luz Check Engine encendida con codigo de falla P0100: B1377,Falla de sensores del sistema del vehiculo
Luz Check Engine encendida con codigo de falla P0100: B1378,Falla de sensores del sistema del vehiculo
Luz Check Engine encendida con codigo de falla P0100: B1379,Falla de sensores del sistema del vehiculo
Luz Check Engine encendida con codigo de falla P0100: B1380,Falla de sensores del sistema del vehiculo
Luz Check Engine encendida con codigo de falla P0100: B1381,Falla de sensores del sistema del vehiculo
Luz Check Engine encendida con codigo de falla P0100: B1382,Falla de sensores del sistema del vehiculo
Luz Check Engine encendida con codigo de falla P0100: B1383,Falla de sensores del sistema del vehiculo
Luz Check Engine encendida con codigo de falla P0100: B1384,Falla de sensores del sistema del vehiculo
Luz Check Engine encendida con codigo de falla P0100: B1385,Falla de sensores del sistema del vehiculo
Luz Check Engine encendida con codigo de falla P0100: B1386,Falla de sensores del sistema del vehiculo
Luz Check Engine encendida con codigo de falla P0100: B1387,Falla de sensores del sistema del vehiculo
Luz Check Engine encendida con codigo de falla P0100: B1388,Falla de sensores del sistema del vehiculo
Luz Check Engine encendida con codigo de falla P0100: B1389,Falla de sensores del sistema del vehiculo
Luz Check Engine encendida con codigo de falla P0100: B1390,Falla de sensores del sistema del vehiculo
Luz Check Engine encendida con codigo de falla P0100: B1391,Falla de sensores del sistema del vehiculo
Luz Check Engine encendida con codigo de falla P0100: B1392,Falla de sensores del sistema del vehiculo
Luz Check Engine encendida con codigo de falla P0100: B1393,Falla de sensores del sistema del vehiculo
Luz Check Engine encendida con codigo de falla P0100: B1394,Falla de sensores del sistema del vehiculo
Luz Check Engine encendida con codigo de falla P0100: B1395,Falla de sensores del sistema del vehiculo
Luz Check Engine encendida con codigo de falla P0100: B1396,Falla de sensores del sistema del vehiculo
Luz Check Engine encendida con codigo de falla P0100: B1397,Falla de sensores del sistema del vehiculo
Luz Check Engine encendida con codigo de falla P0100: B1398,Falla de sensores del sistema del vehiculo
Luz Check Engine encendida con codigo de falla P0100: B1399,Falla de sensores del sistema del vehiculo
Luz Check Engine encendida con codigo de falla P0100: B1400,Falla de sensores del sistema del vehiculo
Luz Check Engine encendida con codigo de falla P0100: B1401,Falla de sensores del sistema del vehiculo
Luz Check Engine encendida con codigo de falla P0100: B1402,Falla de sensores del sistema del vehiculo
Luz Check Engine encendida con codigo de falla P0100: B1403,Falla de sensores del sistema del vehiculo
Luz Check Engine encendida con codigo de falla P0100: B1404,Falla de sensores del sistema del vehiculo
Luz Check Engine encendida con codigo de falla P0100: B1405,Falla de sensores del sistema del vehiculo
Luz Check Engine encendida con codigo de falla P0100: B1406,Falla de sensores del sistema del vehiculo
Luz Check Engine encendida con codigo de falla P0100: B1407,Falla de sensores del sistema del vehiculo
Luz Check Engine encendida con codigo de falla P0100: B1408,Falla de sensores del sistema del vehiculo
Luz Check Engine encendida con codigo de falla P0100: B1409,Falla de sensores del sistema del vehiculo
Luz Check Engine encendida con codigo de falla P0100: B1410,Falla de sensores del sistema del vehiculo
Luz Check Engine encendida con codigo de falla P0100: B1411,Falla de sensores del sistema del vehiculo
Luz Check Engine encendida con codigo de falla P0100: B1412,Falla de sensores del sistema del vehiculo
Luz Check Engine encendida con codigo de falla P0100: B1413,Falla de sensores del sistema del vehiculo
Luz Check Engine encendida con codigo de falla P0100: B1414,Falla de sensores del sistema del vehiculo
Luz Check Engine encendida con codigo de falla P0100: B1415,Falla de sensores del sistema del vehiculo
Luz Check Engine encendida con codigo de falla P0100: B1416,Falla de sensores del sistema del vehiculo
Luz Check Engine encendida con codigo de falla P0100: B1417,Falla de sensores del sistema del vehiculo
Luz Check Engine encendida con codigo de falla P0100: B1418,Falla de sensores del sistema del vehiculo
Luz Check Engine encendida con codigo de falla P0100: B1419,Falla de sensores del sistema del vehiculo
Luz Check Engine encendida con codigo de falla P0100: B1420,Falla de sensores del sistema del vehiculo
Luz Check Engine encendida con codigo de falla P0100: B1421,Falla de sensores del sistema del vehiculo
Luz Check Engine encendida con codigo de falla P0100: B1422,Falla de sensores del sistema del vehiculo
Luz Check Engine encendida con codigo de falla P0100: B1423,Falla de sensores del sistema del vehiculo
Luz Check Engine encendida con codigo de falla P0100: B1424,Falla de sensores del sistema del vehiculo
Luz Check Engine encendida con codigo de falla P0100: B1425,Falla de sensores del sistema del vehiculo
Luz Check Engine encendida con codigo de falla P0100: B1426,Falla de sensores del sistema del vehiculo
Luz Check Engine encendida con codigo de falla P0100: B1427,Falla de sensores del sistema del vehiculo
Luz Check Engine encendida con codigo de falla P0100: B1428,Falla de sensores del sistema del vehiculo
Luz Check Engine encendida con codigo de falla P0100: B1429,Falla de sensores del sistema del vehiculo
Luz Check Engine encendida con codigo de falla P0100: B1430,Falla de sensores del sistema del vehiculo
Luz Check Engine encendida con codigo de falla P0100: B1431,Falla de sensores del sistema del vehiculo
Luz Check Engine encendida con codigo de falla P0100: B1432,Falla de sensores del sistema del vehiculo
Luz Check Engine encendida con codigo de falla P0100: B1433,Falla de sensores del sistema del vehiculo
Luz Check Engine encendida con codigo de falla P0100: B1434,Falla de sensores del sistema del vehiculo
Luz Check Engine encendida con codigo de falla P0100: B1435,Falla de sensores del sistema del vehiculo
Luz Check Engine encendida con codigo de falla P0100: B1436,Falla de sensores del sistema del vehiculo
Luz Check Engine encendida con codigo de falla P0100: B1437,Falla de sensores del sistema del vehiculo
Luz Check Engine encendida con codigo de falla P0100: B1438,Falla de sensores del sistema del vehiculo
Luz Check Engine encendida con codigo de falla P0100: B1439,Falla de sensores del sistema del vehiculo
Luz Check Engine encendida con codigo de falla P0100: B1440,Falla de sensores del sistema del vehiculo
Luz Check Engine encendida con codigo de falla P0100: B1441,Falla de sensores del sistema del vehiculo
Luz Check Engine encendida con codigo de falla P0100: B1442,Falla de sensores del sistema del vehiculo
Luz Check Engine encendida con codigo de falla P0100: B1443,Falla de sensores del sistema del vehiculo
Luz Check Engine encendida con codigo de falla P0100: B1444,Falla de sensores del sistema del vehiculo
Luz Check Engine encendida con codigo de falla P0100: B1445,Falla de sensores del sistema del vehiculo
Luz Check Engine encendida con codigo de falla P0100: B1446,Falla de sensores del sistema del vehiculo
Luz Check Engine encendida con codigo de falla P0100: B1447,Falla de sensores del sistema del vehiculo
Luz Check Engine encendida con codigo de falla P0100: B1448,Falla de sensores del sistema del vehiculo
Luz Check Engine encendida con codigo de falla P0100: B1449,Falla de sensores del sistema del vehiculo
Luz Check Engine encendida con codigo de falla P0100: B1450,Falla de sensores del sistema del vehiculo
Luz Check Engine encendida con codigo de falla P0100: B1451,Falla de sensores del sistema del vehiculo
Luz Check Engine encendida con codigo de falla P0100: B1452,Falla de sensores del sistema del vehiculo
Luz Check Engine encendida con codigo de falla P0100: B1453,Falla de sensores del sistema del vehiculo
Luz Check Engine encendida con codigo de falla P0100: B1454,Falla de sensores del sistema del vehiculo
Luz Check Engine encendida con codigo de falla P0100: B1455,Falla de sensores del sistema del vehiculo
Luz Check Engine encendida con codigo de falla P0100: B1456,Falla de sensores del sistema del vehiculo
Luz Check Engine encendida con codigo de falla P0100: B1457,Falla de sensores del sistema del vehiculo
Luz Check Engine encendida con codigo de falla P0100: B1458,Falla de sensores del sistema del vehiculo
Luz Check Engine encendida con codigo de falla P0100: B1459,Falla de sensores del sistema del vehiculo
Luz Check Engine encendida con codigo de falla P0100: B1460,Falla de sensores del sistema del vehiculo
Luz Check Engine encendida con codigo de falla P0100: B1461,Falla de sensores del sistema del vehiculo
Luz Check Engine encendida con codigo de falla P0100: B1462,Falla de sensores del sistema del vehiculo
Luz Check Engine encendida con codigo de falla P0100: B1463,Falla de sensores del sistema del vehiculo
Luz Check Engine encendida con codigo de falla P0100: B1464,Falla de sensores del sistema del vehiculo
Luz Check Engine encendida con codigo de falla P0100: B1465,Falla de sensores del sistema del vehiculo
Luz Check Engine encendida con codigo de falla P0100: B1466,Falla de sensores del sistema del vehiculo
Luz Check Engine encendida con codigo de falla P0100: B1467,Falla de sensores del sistema del vehiculo
Luz Check Engine encendida con codigo de falla P0100: B1468,Falla de sensores del sistema del vehiculo
Luz Check Engine encendida con codigo de falla P0100: B1469,Falla de sensores del sistema del vehiculo
Luz Check Engine encendida con codigo de falla P0100: B1470,Falla de sensores del sistema del vehiculo
Luz Check Engine encendida con codigo de falla P0100: B1471,Falla de sensores del sistema del vehiculo
Luz Check Engine encendida con codigo de falla P0100: B1472,Falla de sensores del sistema del vehiculo
Luz Check Engine encendida con codigo de falla P0100: B1473,Falla de sensores del sistema del vehiculo
Luz Check Engine encendida con codigo de falla P0100: B1474,Falla de sensores del sistema del vehiculo
Luz Check Engine encendida con codigo de falla P0100: B1475,Falla de sensores del sistema del vehiculo
Luz Check Engine encendida con codigo de falla P0100: B1476,Falla de sensores del sistema del vehiculo
Luz Check Engine encendida con codigo de falla P0100: B1477,Falla de sensores del sistema del vehiculo
Luz Check Engine encendida con codigo de falla P0100: B1478,Falla de sensores del sistema del vehiculo
Luz Check Engine encendida con codigo de falla P0100: B1479,Falla de sensores del sistema del vehiculo
Luz Check Engine encendida con codigo de falla P0100: B1480,Falla de sensores del sistema del vehiculo
Luz Check Engine encendida con codigo de falla P0100: B1481,Falla de sensores del sistema del vehiculo
Luz Check Engine encendida con codigo de falla P0100: B1482,Falla de sensores del sistema del vehiculo
Luz Check Engine encendida con codigo de falla P0100: B1483,Falla de sensores del sistema del vehiculo
Luz Check Engine encendida con codigo de falla P0100: B1484,Falla de sensores del sistema del vehiculo
Luz Check Engine encendida con codigo de falla P0100: B1485,Falla de sensores del sistema del vehiculo
Luz Check Engine encendida con codigo de falla P0100: B1486,Falla de sensores del sistema del vehiculo
Luz Check Engine encendida con codigo de falla P0100: B1487,Falla de sensores del sistema del vehiculo
Luz Check Engine encendida con codigo de falla P0100: B1488,Falla de sensores del sistema del vehiculo
Luz Check Engine encendida con codigo de falla P0100: B1489,Falla de sensores del sistema del vehiculo
Luz Check Engine encendida con codigo de falla P0100: B1490,Falla de sensores del sistema del vehiculo
Luz Check Engine encendida con codigo de falla P0100: B1491,Falla de sensores del sistema del vehiculo
Luz Check Engine encendida con codigo de falla P0100: B1492,Falla de sensores del sistema del vehiculo
Luz Check Engine encendida con codigo de falla P0100: B1493,Falla de sensores del sistema del vehiculo
Luz Check Engine encendida con codigo de falla P0100: B1494,Falla de sensores del sistema del vehiculo
Luz Check Engine encendida con codigo de falla P0100: B1495,Falla de sensores del sistema del vehiculo
Luz Check Engine encendida con codigo de falla P0100: B1496,Falla de sensores del sistema del vehiculo
Luz Check Engine encendida con codigo de falla P0100: B1497,Falla de sensores del sistema del vehiculo
Luz Check Engine encendida con codigo de falla P0100: B1498,Falla de sensores del sistema del vehiculo
Luz Check Engine encendida con codigo de falla P0100: B1499,Falla de sensores del sistema del vehiculo
Luz Check Engine encendida con codigo de falla P0100: B1500,Falla de sensores del sistema del vehiculo
Luz Check Engine encendida con codigo de falla P0100: B1501,Falla de sensores del sistema del vehiculo
Luz Check Engine encendida con codigo de falla P0100: B1502,Falla de sensores del sistema del vehiculo
Luz Check Engine encendida con codigo de falla P0100: B1503,Falla de sensores del sistema del vehiculo
Luz Check Engine encendida con codigo de falla P0100: B1504,Falla de sensores del sistema del vehiculo
Luz Check Engine encendida con codigo de falla P0100: B1505,Falla de sensores del sistema del vehiculo
Luz Check Engine encendida con codigo de falla P0100: B1506,Falla de sensores del sistema del vehiculo
Luz Check Engine encendida con codigo de falla P0100: B1507,Falla de sensores del sistema del vehiculo
Luz Check Engine encendida con codigo de falla P0100: B1508,Falla de sensores del sistema del vehiculo
Luz Check Engine encendida con codigo de falla P0100: B1509,Falla de sensores del sistema del vehiculo
Luz Check Engine encendida con codigo de falla P0100: B1510,Falla de sensores del sistema del vehiculo
Luz Check Engine encendida con codigo de falla P0100: B1511,Falla de sensores del sistema del vehiculo
Luz Check Engine encendida con codigo de falla P0100: B1512,Falla de sensores del sistema del vehiculo
Luz Check Engine encendida con codigo de falla P0100: B1513,Falla de sensores del sistema del vehiculo
Luz Check Engine encendida con codigo de falla P0100: B1514,Falla de sensores del sistema del vehiculo
Luz Check Engine encendida con codigo de falla P0100: B1515,Falla de sensores del sistema del vehiculo
Luz Check Engine encendida con codigo de falla P0100: B1516,Falla de sensores del sistema del vehiculo
Luz Check Engine encendida con codigo de falla P0100: B1517,Falla de sensores del sistema del vehiculo
Luz Check Engine encendida con codigo de falla P0100: B1518,Falla de sensores del sistema del vehiculo
Luz Check Engine encendida con codigo de falla P0100: B1519,Falla de sensores del sistema del vehiculo
Luz Check Engine encendida con codigo de falla P0100: B1520,Falla de sensores del sistema del vehiculo
Luz Check Engine encendida con codigo de falla P0100: B1521,Falla de sensores del sistema del vehiculo
Luz Check Engine encendida con codigo de falla P0100: B1522,Falla de sensores del sistema del vehiculo
Luz Check Engine encendida con codigo de falla P0100: B1523,Falla de sensores del sistema del vehiculo
Luz Check Engine encendida con codigo de falla P0100: B1524,Falla de sensores del sistema del vehiculo
Luz Check Engine encendida con codigo de falla P0100: B1525,Falla de sensores del sistema del vehiculo
Luz Check Engine encendida con codigo de falla P0100: B1526,Falla de sensores del sistema del vehiculo
Luz Check Engine encendida con codigo de falla P0100: B1527,Falla de sensores del sistema del vehiculo
Luz Check Engine encendida con codigo de falla P0100: B1528,Falla de sensores del sistema del vehiculo
Luz Check Engine encendida con codigo de falla P0100: B1529,Falla de sensores del sistema del vehiculo
Luz Check Engine encendida con codigo de falla P0100: B1530,Falla de sensores del sistema del vehiculo
Luz Check Engine encendida con codigo de falla P0100: B1531,Falla de sensores del sistema del vehiculo
Luz Check Engine encendida con codigo de falla P0100: B1532,Falla de sensores del sistema del vehiculo
Luz Check Engine encendida con codigo de falla P0100: B1533,Falla de sensores del sistema del vehiculo
Luz Check Engine encendida con codigo de falla P0100: B1534,Falla de sensores del sistema del vehiculo
Luz Check Engine encendida con codigo de falla P0100: B1535,Falla de sensores del sistema del vehiculo
Luz Check Engine encendida con codigo de falla P0100: B1536,Falla de sensores del sistema del vehiculo
Luz Check Engine encendida con codigo de falla P0100: B1537,Falla de sensores del sistema del vehiculo
Luz Check Engine encendida con codigo de falla P0100: B1538,Falla de sensores del sistema del vehiculo
Luz Check Engine encendida con codigo de falla P0100: B1539,Falla de sensores del sistema del vehiculo
Luz Check Engine encendida con codigo de falla P0100: B1540,Falla de sensores del sistema del vehiculo
Luz Check Engine encendida con codigo de falla P0100: B1541,Falla de sensores del sistema del vehiculo
Luz Check Engine encendida con codigo de falla P0100: B1542,Falla de sensores del sistema del vehiculo
Luz Check Engine encendida con codigo de falla P0100: B1543,Falla de sensores del sistema del vehiculo
Luz Check Engine encendida con codigo de falla P0100: B1544,Falla de sensores del sistema del vehiculo
Luz Check Engine encendida con codigo de falla P0100: B1545,Falla de sensores del sistema del vehiculo
Luz Check Engine encendida con codigo de falla P0100: B1546,Falla de sensores del sistema del vehiculo
Luz Check Engine encendida con codigo de falla P0100: B1547,Falla de sensores del sistema del vehiculo
Luz Check Engine encendida con codigo de falla P0100: B1548,Falla de sensores del sistema del vehiculo
Luz Check Engine encendida con codigo de falla P0100: B1549,Falla de sensores del sistema del vehiculo
Luz Check Engine encendida con codigo de falla P0100: B1550,Falla de sensores del sistema del vehiculo
Luz Check Engine encendida con codigo de falla P0100: B1551,Falla de sensores del sistema del vehiculo
Luz Check Engine encendida con codigo de falla P0100: B1552,Falla de sensores del sistema del vehiculo
Luz Check Engine encendida con codigo de falla P0100: B1553,Falla de sensores del sistema del vehiculo
Luz Check Engine encendida con codigo de falla P0100: B1554,Falla de sensores del sistema del vehiculo
Luz Check Engine encendida con codigo de falla P0100: B1555,Falla de sensores del sistema del vehiculo
Luz Check Engine encendida con codigo de falla P0100: B1556,Falla de sensores del sistema del vehiculo
Luz Check Engine encendida con codigo de falla P0100: B1557,Falla de sensores del sistema del vehiculo
Luz Check Engine encendida con codigo de falla P0100: B1558,Falla de sensores del sistema del vehiculo
Luz Check Engine encendida con codigo de falla P0100: B1559,Falla de sensores del sistema del vehiculo
Luz Check Engine encendida con codigo de falla P0100: B1560,Falla de sensores del sistema del vehiculo
Luz Check Engine encendida con codigo de falla P0100: B1561,Falla de sensores del sistema del vehiculo
Luz Check Engine encendida con codigo de falla P0100: B1562,Falla de sensores del sistema del vehiculo
Luz Check Engine encendida con codigo de falla P0100: B1563,Falla de sensores del sistema del vehiculo
Luz Check Engine encendida con codigo de falla P0100: B1564,Falla de sensores del sistema del vehiculo
Luz Check Engine encendida con codigo de falla P0100: B1565,Falla de sensores del sistema del vehiculo
Luz Check Engine encendida con codigo de falla P0100: B1566,Falla de sensores del sistema del vehiculo
Luz Check Engine encendida con codigo de falla P0100: B1567,Falla de sensores del sistema del vehiculo
Luz Check Engine encendida con codigo de falla P0100: B1568,Falla de sensores del sistema del vehiculo
Luz Check Engine encendida con codigo de falla P0100: B1569,Falla de sensores del sistema del vehiculo
Luz Check Engine encendida con codigo de falla P0100: B1570,Falla de sensores del sistema del vehiculo
Luz Check Engine encendida con codigo de falla P0100: B1571,Falla de sensores del sistema del vehiculo
Luz Check Engine encendida con codigo de falla P0100: B1572,Falla de sensores del sistema del vehiculo
Luz Check Engine encendida con codigo de falla P0100: B1573,Falla de sensores del sistema del vehiculo
Luz Check Engine encendida con codigo de falla P0100: B1574,Falla de sensores del sistema del vehiculo
Luz Check Engine encendida con codigo de falla P0100: B1575,Falla de sensores del sistema del vehiculo
Luz Check Engine encendida con codigo de falla P0100: B1576,Falla de sensores del sistema del vehiculo
Luz Check Engine encendida con codigo de falla P0100: B1577,Falla de sensores del sistema del vehiculo
Luz Check Engine encendida con codigo de falla P0100: B1578,Falla de sensores del sistema del vehiculo
Luz Check Engine encendida con codigo de falla P0100: B1579,Falla de sensores del sistema del vehiculo
Luz Check Engine encendida con codigo de falla P0100: B1580,Falla de sensores del sistema del vehiculo
Luz Check Engine encendida con codigo de falla P0100: B1581,Falla de sensores del sistema del vehiculo
Luz Check Engine encendida con codigo de falla P0100: B1582,Falla de sensores del sistema del vehiculo
Luz Check Engine encendida con codigo de falla P0100: B1583,Falla de sensores del sistema del vehiculo
Luz Check Engine encendida con codigo de falla P0100: B1584,Falla de sensores del sistema del vehiculo
Luz Check Engine encendida con codigo de falla P0100: B1585,Falla de sensores del sistema del vehiculo
Luz Check Engine encendida con codigo de falla P0100: B1586,Falla de sensores del sistema del vehiculo
Luz Check Engine encendida con codigo de falla P0100: B1587,Falla de sensores del sistema del vehiculo
Luz Check Engine encendida con codigo de falla P0100: B1588,Falla de sensores del sistema del vehiculo
Luz Check Engine encendida con codigo de falla P0100: B1589,Falla de sensores del sistema del vehiculo
Luz Check Engine encendida con codigo de falla P0100: B1590,Falla de sensores del sistema del vehiculo
Luz Check Engine encendida con codigo de falla P0100: B1591,Falla de sensores del sistema del vehiculo
Luz Check Engine encendida con codigo de falla P0100: B1592,Falla de sensores del sistema del vehiculo
Luz Check Engine encendida con codigo de falla P0100: B1593,Falla de sensores del sistema del vehiculo
Luz Check Engine encendida con codigo de falla P0100: B1594,Falla de sensores del sistema del vehiculo
Luz Check Engine encendida con codigo de falla P0100: B1595,Falla de sensores del sistema del vehiculo
Luz Check Engine encendida con codigo de falla P0100: B1596,Falla de sensores del sistema del vehiculo
Luz Check Engine encendida con codigo de falla P0100: B1600,Falla de sensores del sistema del vehiculo
Luz Check Engine encendida con codigo de falla P0100: B1601,Falla de sensores del sistema del vehiculo
Luz Check Engine encendida con codigo de falla P0100: B1602,Falla de sensores del sistema del vehiculo
Luz Check Engine encendida con codigo de falla P0100: B1603,Falla de sensores del sistema del vehiculo
Luz Check Engine encendida con codigo de falla P0100: B1604,Falla de sensores del sistema del vehiculo
Luz Check Engine encendida con codigo de falla P0100: B1605,Falla de sensores del sistema del vehiculo
Luz Check Engine encendida con codigo de falla P0100: B1606,Falla de sensores del sistema del vehiculo
Luz Check Engine encendida con codigo de falla P0100: B1607,Falla de sensores del sistema del vehiculo
Luz Check Engine encendida con codigo de falla P0100: B1608,Falla de sensores del sistema del vehiculo
Luz Check Engine encendida con codigo de falla P0100: B1609,Falla de sensores del sistema del vehiculo
Luz Check Engine encendida con codigo de falla P0100: B1610,Falla de sensores del sistema del vehiculo
Luz Check Engine encendida con codigo de falla P0100: B1611,Falla de sensores del sistema del vehiculo
Luz Check Engine encendida con codigo de falla P0100: B1612,Falla de sensores del sistema del vehiculo
Luz Check Engine encendida con codigo de falla P0100: B1613,Falla de sensores del sistema del vehiculo
Luz Check Engine encendida con codigo de falla P0100: B1614,Falla de sensores del sistema del vehiculo
Luz Check Engine encendida con codigo de falla P0100: B1615,Falla de sensores del sistema del vehiculo
Luz Check Engine encendida con codigo de falla P0100: B1616,Falla de sensores del sistema del vehiculo
Luz Check Engine encendida con codigo de falla P0100: B1617,Falla de sensores del sistema del vehiculo
Luz Check Engine encendida con codigo de falla P0100: B1618,Falla de sensores del sistema del vehiculo
Luz Check Engine encendida con codigo de falla P0100: B1619,Falla de sensores del sistema del vehiculo
Luz Check Engine encendida con codigo de falla P0100: B1620,Falla de sensores del sistema del vehiculo
Luz Check Engine encendida con codigo de falla P0100: B1621,Falla de sensores del sistema del vehiculo
Luz Check Engine encendida con codigo de falla P0100: B1622,Falla de sensores del sistema del vehiculo
Luz Check Engine encendida con codigo de falla P0100: B1623,Falla de sensores del sistema del vehiculo
Luz Check Engine encendida con codigo de falla P0100: B1624,Falla de sensores del sistema del vehiculo
Luz Check Engine encendida con codigo de falla P0100: B1625,Falla de sensores del sistema del vehiculo
Luz Check Engine encendida con codigo de falla P0100: B1626,Falla de sensores del sistema del vehiculo
Luz Check Engine encendida con codigo de falla P0100: B1627,Falla de sensores del sistema del vehiculo
Luz Check Engine encendida con codigo de falla P0100: B1628,Falla de sensores del sistema del vehiculo
Luz Check Engine encendida con codigo de falla P0100: B1629,Falla de sensores del sistema del vehiculo
Luz Check Engine encendida con codigo de falla P0100: B1630,Falla de sensores del sistema del vehiculo
Luz Check Engine encendida con codigo de falla P0100: B1631,Falla de sensores del sistema del vehiculo
Luz Check Engine encendida con codigo de falla P0100: B1632,Falla de sensores del sistema del vehiculo
Luz Check Engine encendida con codigo de falla P0100: B1633,Falla de sensores del sistema del vehiculo
Luz Check Engine encendida con codigo de falla P0100: B1634,Falla de sensores del sistema del vehiculo
Luz Check Engine encendida con codigo de falla P0100: B1635,Falla de sensores del sistema del vehiculo
Luz Check Engine encendida con codigo de falla P0100: B1636,Falla de sensores del sistema del vehiculo
Luz Check Engine encendida con codigo de falla P0100: B1637,Falla de sensores del sistema del vehiculo
Luz Check Engine encendida con codigo de falla P0100: B1638,Falla de sensores del sistema del vehiculo
Luz Check Engine encendida con codigo de falla P0100: B1639,Falla de sensores del sistema del vehiculo
Luz Check Engine encendida con codigo de falla P0100: B1640,Falla de sensores del sistema del vehiculo
Luz Check Engine encendida con codigo de falla P0100: B1641,Falla de sensores del sistema del vehiculo
Luz Check Engine encendida con codigo de falla P0100: B1642,Falla de sensores del sistema del vehiculo
Luz Check Engine encendida con codigo de falla P0100: B1643,Falla de sensores del sistema del vehiculo
Luz Check Engine encendida con codigo de falla P0100: B1644,Falla de sensores del sistema del vehiculo
Luz Check Engine encendida con codigo de falla P0100: B1645,Falla de sensores del sistema del vehiculo
Luz Check Engine encendida con codigo de falla P0100: B1646,Falla de sensores del sistema del vehiculo
Luz Check Engine encendida con codigo de falla P0100: B1647,Falla de sensores del sistema del vehiculo
Luz Check Engine encendida con codigo de falla P0100: B1648,Falla de sensores del sistema del vehiculo
Luz Check Engine encendida con codigo de falla P0100: B1649,Falla de sensores del sistema del vehiculo
Luz Check Engine encendida con codigo de falla P0100: B1650,Falla de sensores del sistema del vehiculo
Luz Check Engine encendida con codigo de falla P0100: B1651,Falla de sensores del sistema del vehiculo
Luz Check Engine encendida con codigo de falla P0100: B1652,Falla de sensores del sistema del vehiculo
Luz Check Engine encendida con codigo de falla P0100: B1653,Falla de sensores del sistema del vehiculo
Luz Check Engine encendida con codigo de falla P0100: B1654,Falla de sensores del sistema del vehiculo
Luz Check Engine encendida con codigo de falla P0100: B1655,Falla de sensores del sistema del vehiculo
Luz Check Engine encendida con codigo de falla P0100: B1656,Falla de sensores del sistema del vehiculo
Luz Check Engine encendida con codigo de falla P0100: B1657,Falla de sensores del sistema del vehiculo
Luz Check Engine encendida con codigo de falla P0100: B1658,Falla de sensores del sistema del vehiculo
Luz Check Engine encendida con codigo de falla P0100: B1659,Falla de sensores del sistema del vehiculo
Luz Check Engine encendida con codigo de falla P0100: B1660,Falla de sensores del sistema del vehiculo
Luz Check Engine encendida con codigo de falla P0100: B1661,Falla de sensores del sistema del vehiculo
Luz Check Engine encendida con codigo de falla P0100: B1662,Falla de sensores del sistema del vehiculo
Luz Check Engine encendida con codigo de falla P0100: B1663,Falla de sensores del sistema del vehiculo
Luz Check Engine encendida con codigo de falla P0100: B1664,Falla de sensores del sistema del vehiculo
Luz Check Engine encendida con codigo de falla P0100: B1665,Falla de sensores del sistema del vehiculo
Luz Check Engine encendida con codigo de falla P0100: B1666,Falla de sensores del sistema del vehiculo
Luz Check Engine encendida con codigo de falla P0100: B1667,Falla de sensores del sistema del vehiculo
Luz Check Engine encendida con codigo de falla P0100: B1668,Falla de sensores del sistema del vehiculo
Luz Check Engine encendida con codigo de falla P0100: B1669,Falla de sensores del sistema del vehiculo
Luz Check Engine encendida con codigo de falla P0100: B1670,Falla de sensores del sistema del vehiculo
Luz Check Engine encendida con codigo de falla P0100: B1671,Falla de sensores del sistema del vehiculo
Luz Check Engine encendida con codigo de falla P0100: B1672,Falla de sensores del sistema del vehiculo
Luz Check Engine encendida con codigo de falla P0100: B1673,Falla de sensores del sistema del vehiculo
Luz Check Engine encendida con codigo de falla P0100: B1674,Falla de sensores del sistema del vehiculo
Luz Check Engine encendida con codigo de falla P0100: B1675,Falla de sensores del sistema del vehiculo
Luz Check Engine encendida con codigo de falla P0100: B1676,Falla de sensores del sistema del vehiculo
Luz Check Engine encendida con codigo de falla P0100: B1677,Falla de sensores del sistema del vehiculo
Luz Check Engine encendida con codigo de falla P0100: B1678,Falla de sensores del sistema del vehiculo
Luz Check Engine encendida con codigo de falla P0100: B1679,Falla de sensores del sistema del vehiculo
Luz Check Engine encendida con codigo de falla P0100: B1680,Falla de sensores del sistema del vehiculo
Luz Check Engine encendida con codigo de falla P0100: B1681,Falla de sensores del sistema del vehiculo
Luz Check Engine encendida con codigo de falla P0100: B1682,Falla de sensores del sistema del vehiculo
Luz Check Engine encendida con codigo de falla P0100: B1683,Falla de sensores del sistema del vehiculo
Luz Check Engine encendida con codigo de falla P0100: B1684,Falla de sensores del sistema del vehiculo
Luz Check Engine encendida con codigo de falla P0100: B1685,Falla de sensores del sistema del vehiculo
Luz Check Engine encendida con codigo de falla P0100: B1686,Falla de sensores del sistema del vehiculo
Luz Check Engine encendida con codigo de falla P0100: B1687,Falla de sensores del sistema del vehiculo
Luz Check Engine encendida con codigo de falla P0100: B1688,Falla de sensores del sistema del vehiculo
Luz Check Engine encendida con codigo de falla P0100: B1689,Falla de sensores del sistema del vehiculo
Luz Check Engine encendida con codigo de falla P0100: B1690,Falla de sensores del sistema del vehiculo
Luz Check Engine encendida con codigo de falla P0100: B1691,Falla de sensores del sistema del vehiculo
Luz Check Engine encendida con codigo de falla P0100: B1692,Falla de sensores del sistema del vehiculo
Luz Check Engine encendida con codigo de falla P0100: B1693,Falla de sensores del sistema del vehiculo
Luz Check Engine encendida con codigo de falla P0100: B1694,Falla de sensores del sistema del vehiculo
Luz Check Engine encendida con codigo de falla P0100: B1695,Falla de sensores del sistema del vehiculo
Luz Check Engine encendida con codigo de falla P0100: B1696,Falla de sensores del sistema del vehiculo
Luz Check Engine encendida con codigo de falla P0100: B1697,Falla de sensores del sistema del vehiculo
Luz Check Engine encendida con codigo de falla P0100: B1698,Falla de sensores del sistema del vehiculo
Luz Check Engine encendida con codigo de falla P0100: B1701,Falla de sensores del sistema del vehiculo
Luz Check Engine encendida con codigo de falla P0100: B1702,Falla de sensores del sistema del vehiculo
Luz Check Engine encendida con codigo de falla P0100: B1703,Falla de sensores del sistema del vehiculo
Luz Check Engine encendida con codigo de falla P0100: B1704,Falla de sensores del sistema del vehiculo
Luz Check Engine encendida con codigo de falla P0100: B1705,Falla de sensores del sistema del vehiculo
Luz Check Engine encendida con codigo de falla P0100: B1706,Falla de sensores del sistema del vehiculo
Luz Check Engine encendida con codigo de falla P0100: B1707,Falla de sensores del sistema del vehiculo
Luz Check Engine encendida con codigo de falla P0100: B1708,Falla de sensores del sistema del vehiculo
Luz Check Engine encendida con codigo de falla P0100: B1709,Falla de sensores del sistema del vehiculo
Luz Check Engine encendida con codigo de falla P0100: B1710,Falla de sensores del sistema del vehiculo
Luz Check Engine encendida con codigo de falla P0100: B1711,Falla de sensores del sistema del vehiculo
Luz Check Engine encendida con codigo de falla P0100: B1712,Falla de sensores del sistema del vehiculo
Luz Check Engine encendida con codigo de falla P0100: B1713,Falla de sensores del sistema del vehiculo
Luz Check Engine encendida con codigo de falla P0100: B1714,Falla de sensores del sistema del vehiculo
Luz Check Engine encendida con codigo de falla P0100: B1715,Falla de sensores del sistema del vehiculo
Luz Check Engine encendida con codigo de falla P0100: B1716,Falla de sensores del sistema del vehiculo
Luz Check Engine encendida con codigo de falla P0100: B1717,Falla de sensores del sistema del vehiculo
Luz Check Engine encendida con codigo de falla P0100: B1718,Falla de sensores del sistema del vehiculo
Luz Check Engine encendida con codigo de falla P0100: B1719,Falla de sensores del sistema del vehiculo
Luz Check Engine encendida con codigo de falla P0100: B1720,Falla de sensores del sistema del vehiculo
Luz Check Engine encendida con codigo de falla P0100: B1721,Falla de sensores del sistema del vehiculo
Luz Check Engine encendida con codigo de falla P0100: B1722,Falla de sensores del sistema del vehiculo
Luz Check Engine encendida con codigo de falla P0100: B1723,Falla de sensores del sistema del vehiculo
Luz Check Engine encendida con codigo de falla P0100: B1724,Falla de sensores del sistema del vehiculo
Luz Check Engine encendida con codigo de falla P0100: B1725,Falla de sensores del sistema del vehiculo
Luz Check Engine encendida con codigo de falla P0100: B1726,Falla de sensores del sistema del vehiculo
Luz Check Engine encendida con codigo de falla P0100: B1727,Falla de sensores del sistema del vehiculo
Luz Check Engine encendida con codigo de falla P0100: B1728,Falla de sensores del sistema del vehiculo
Luz Check Engine encendida con codigo de falla P0100: B1729,Falla de sensores del sistema del vehiculo
Luz Check Engine encendida con codigo de falla P0100: B1730,Falla de sensores del sistema del vehiculo
Luz Check Engine encendida con codigo de falla P0100: B1731,Falla de sensores del sistema del vehiculo
Luz Check Engine encendida con codigo de falla P0100: B1732,Falla de sensores del sistema del vehiculo
Luz Check Engine encendida con codigo de falla P0100: B1733,Falla de sensores del sistema del vehiculo
Luz Check Engine encendida con codigo de falla P0100: B1734,Falla de sensores del sistema del vehiculo
Luz Check Engine encendida con codigo de falla P0100: B1735,Falla de sensores del sistema del vehiculo
Luz Check Engine encendida con codigo de falla P0100: B1736,Falla de sensores del sistema del vehiculo
Luz Check Engine encendida con codigo de falla P0100: B1737,Falla de sensores del sistema del vehiculo
Luz Check Engine encendida con codigo de falla P0100: B1738,Falla de sensores del sistema del vehiculo
Luz Check Engine encendida con codigo de falla P0100: B1739,Falla de sensores del sistema del vehiculo
Luz Check Engine encendida con codigo de falla P0100: B1740,Falla de sensores del sistema del vehiculo
Luz Check Engine encendida con codigo de falla P0100: B1741,Falla de sensores del sistema del vehiculo
Luz Check Engine encendida con codigo de falla P0100: B1742,Falla de sensores del sistema del vehiculo
Luz Check Engine encendida con codigo de falla P0100: B1743,Falla de sensores del sistema del vehiculo
Luz Check Engine encendida con codigo de falla P0100: B1744,Falla de sensores del sistema del vehiculo
Luz Check Engine encendida con codigo de falla P0100: B1745,Falla de sensores del sistema del vehiculo
Luz Check Engine encendida con codigo de falla P0100: B1746,Falla de sensores del sistema del vehiculo
Luz Check Engine encendida con codigo de falla P0100: B1747,Falla de sensores del sistema del vehiculo
Luz Check Engine encendida con codigo de falla P0100: B1748,Falla de sensores del sistema del vehiculo
Luz Check Engine encendida con codigo de falla P0100: B1749,Falla de sensores del sistema del vehiculo
Luz Check Engine encendida con codigo de falla P0100: B1750,Falla de sensores del sistema del vehiculo
Luz Check Engine encendida con codigo de falla P0100: B1751,Falla de sensores del sistema del vehiculo
Luz Check Engine encendida con codigo de falla P0100: B1752,Falla de sensores del sistema del vehiculo
Luz Check Engine encendida con codigo de falla P0100: B1753,Falla de sensores del sistema del vehiculo
Luz Check Engine encendida con codigo de falla P0100: B1754,Falla de sensores del sistema del vehiculo
Luz Check Engine encendida con codigo de falla P0100: B1755,Falla de sensores del sistema del vehiculo
Luz Check Engine encendida con codigo de falla P0100: B1756,Falla de sensores del sistema del vehiculo
Luz Check Engine encendida con codigo de falla P0100: B1757,Falla de sensores del sistema del vehiculo
Luz Check Engine encendida con codigo de falla P0100: B1758,Falla de sensores del sistema del vehiculo
Luz Check Engine encendida con codigo de falla P0100: B1759,Falla de sensores del sistema del vehiculo
Luz Check Engine encendida con codigo de falla P0100: B1760,Falla de sensores del sistema del vehiculo
Luz Check Engine encendida con codigo de falla P0100: B1761,Falla de sensores del sistema del vehiculo
Luz Check Engine encendida con codigo de falla P0100: B1762,Falla de sensores del sistema del vehiculo
Luz Check Engine encendida con codigo de falla P0100: B1763,Falla de sensores del sistema del vehiculo
Luz Check Engine encendida con codigo de falla P0100: B1764,Falla de sensores del sistema del vehiculo
Luz Check Engine encendida con codigo de falla P0100: B1765,Falla de sensores del sistema del vehiculo
Luz Check Engine encendida con codigo de falla P0100: B1766,Falla de sensores del sistema del vehiculo
Luz Check Engine encendida con codigo de falla P0100: B1767,Falla de sensores del sistema del vehiculo
Luz Check Engine encendida con codigo de falla P0100: B1768,Falla de sensores del sistema del vehiculo
Luz Check Engine encendida con codigo de falla P0100: B1769,Falla de sensores del sistema del vehiculo
Luz Check Engine encendida con codigo de falla P0100: B1770,Falla de sensores del sistema del vehiculo
Luz Check Engine encendida con codigo de falla P0100: B1771,Falla de sensores del sistema del vehiculo
Luz Check Engine encendida con codigo de falla P0100: B1772,Falla de sensores del sistema del vehiculo
Luz Check Engine encendida con codigo de falla P0100: B1773,Falla de sensores del sistema del vehiculo
Luz Check Engine encendida con codigo de falla P0100: B1774,Falla de sensores del sistema del vehiculo
Luz Check Engine encendida con codigo de falla P0100: B1775,Falla de sensores del sistema del vehiculo
Luz Check Engine encendida con codigo de falla P0100: B1776,Falla de sensores del sistema del vehiculo
Luz Check Engine encendida con codigo de falla P0100: B1778,Falla de sensores del sistema del vehiculo
Luz Check Engine encendida con codigo de falla P0100: B1779,Falla de sensores del sistema del vehiculo
Luz Check Engine encendida con codigo de falla P0100: B1780,Falla de sensores del sistema del vehiculo
Luz Check Engine encendida con codigo de falla P0100: B1781,Falla de sensores del sistema del vehiculo
Luz Check Engine encendida con codigo de falla P0100: B1782,Falla de sensores del sistema del vehiculo
Luz Check Engine encendida con codigo de falla P0100: B1783,Falla de sensores del sistema del vehiculo
Luz Check Engine encendida con codigo de falla P0100: B1784,Falla de sensores del sistema del vehiculo
Luz Check Engine encendida con codigo de falla P0100: B1785,Falla de sensores del sistema del vehiculo
Luz Check Engine encendida con codigo de falla P0100: B1786,Falla de sensores del sistema del vehiculo
Luz Check Engine encendida con codigo de falla P0100: B1787,Falla de sensores del sistema del vehiculo
Luz Check Engine encendida con codigo de falla P0100: B1788,Falla de sensores del sistema del vehiculo
Luz Check Engine encendida con codigo de falla P0100: B1789,Falla de sensores del sistema del vehiculo
Luz Check Engine encendida con codigo de falla P0100: B1790,Falla de sensores del sistema del vehiculo
Luz Check Engine encendida con codigo de falla P0100: B1791,Falla de sensores del sistema del vehiculo
Luz Check Engine encendida con codigo de falla P0100: B1792,Falla de sensores del sistema del vehiculo
Luz Check Engine encendida con codigo de falla P0100: B1793,Falla de sensores del sistema del vehiculo
Luz Check Engine encendida con codigo de falla P0100: B1794,Falla de sensores del sistema del vehiculo
Luz Check Engine encendida con codigo de falla P0100: B1795,Falla de sensores del sistema del vehiculo
Luz Check Engine encendida con codigo de falla P0100: B1796,Falla de sensores del sistema del vehiculo
Luz Check Engine encendida con codigo de falla P0100: B1797,Falla de sensores del sistema del vehiculo
Luz Check Engine encendida con codigo de falla P0100: B1798,Falla de sensores del sistema del vehiculo
Luz Check Engine encendida con codigo de falla P0100: B1799,Falla de sensores del sistema del vehiculo
Luz Check Engine encendida con codigo de falla P0100: B1800,Falla de sensores del sistema del vehiculo
Luz Check Engine encendida con codigo de falla P0100: B1801,Falla de sensores del sistema del vehiculo
Luz Check Engine encendida con codigo de falla P0100: B1802,Falla de sensores del sistema del vehiculo
Luz Check Engine encendida con codigo de falla P0100: B1803,Falla de sensores del sistema del vehiculo
Luz Check Engine encendida con codigo de falla P0100: B1804,Falla de sensores del sistema del vehiculo
Luz Check Engine encendida con codigo de falla P0100: B1805,Falla de sensores del sistema del vehiculo
Luz Check Engine encendida con codigo de falla P0100: B1806,Falla de sensores del sistema del vehiculo
Luz Check Engine encendida con codigo de falla P0100: B1807,Falla de sensores del sistema del vehiculo
Luz Check Engine encendida con codigo de falla P0100: B1808,Falla de sensores del sistema del vehiculo
Luz Check Engine encendida con codigo de falla P0100: B1809,Falla de sensores del sistema del vehiculo
Luz Check Engine encendida con codigo de falla P0100: B1810,Falla de sensores del sistema del vehiculo
Luz Check Engine encendida con codigo de falla P0100: B1811,Falla de sensores del sistema del vehiculo
Luz Check Engine encendida con codigo de falla P0100: B1812,Falla de sensores del sistema del vehiculo
Luz Check Engine encendida con codigo de falla P0100: B1813,Falla de sensores del sistema del vehiculo
Luz Check Engine encendida con codigo de falla P0100: B1814,Falla de sensores del sistema del vehiculo
Luz Check Engine encendida con codigo de falla P0100: B1815,Falla de sensores del sistema del vehiculo
Luz Check Engine encendida con codigo de falla P0100: B1816,Falla de sensores del sistema del vehiculo
Luz Check Engine encendida con codigo de falla P0100: B1817,Falla de sensores del sistema del vehiculo
Luz Check Engine encendida con codigo de falla P0100: B1818,Falla de sensores del sistema del vehiculo
Luz Check Engine encendida con codigo de falla P0100: B1819,Falla de sensores del sistema del vehiculo
Luz Check Engine encendida con codigo de falla P0100: B1820,Falla de sensores del sistema del vehiculo
Luz Check Engine encendida con codigo de falla P0100: B1821,Falla de sensores del sistema del vehiculo
Luz Check Engine encendida con codigo de falla P0100: B1822,Falla de sensores del sistema del vehiculo
Luz Check Engine encendida con codigo de falla P0100: B1823,Falla de sensores del sistema del vehiculo
Luz Check Engine encendida con codigo de falla P0100: B1824,Falla de sensores del sistema del vehiculo
Luz Check Engine encendida con codigo de falla P0100: B1825,Falla de sensores del sistema del vehiculo
Luz Check Engine encendida con codigo de falla P0100: B1826,Falla de sensores del sistema del vehiculo
Luz Check Engine encendida con codigo de falla P0100: B1827,Falla de sensores del sistema del vehiculo
Luz Check Engine encendida con codigo de falla P0100: B1828,Falla de sensores del sistema del vehiculo
Luz Check Engine encendida con codigo de falla P0100: B1829,Falla de sensores del sistema del vehiculo
Luz Check Engine encendida con codigo de falla P0100: B1830,Falla de sensores del sistema del vehiculo
Luz Check Engine encendida con codigo de falla P0100: B1831,Falla de sensores del sistema del vehiculo
Luz Check Engine encendida con codigo de falla P0100: B1832,Falla de sensores del sistema del vehiculo
Luz Check Engine encendida con codigo de falla P0100: B1833,Falla de sensores del sistema del vehiculo
Luz Check Engine encendida con codigo de falla P0100: B1834,Falla de sensores del sistema del vehiculo
Luz Check Engine encendida con codigo de falla P0100: B1835,Falla de sensores del sistema del vehiculo
Luz Check Engine encendida con codigo de falla P0100: B1836,Falla de sensores del sistema del vehiculo
Luz Check Engine encendida con codigo de falla P0100: B1837,Falla de sensores del sistema del vehiculo
Luz Check Engine encendida con codigo de falla P0100: B1838,Falla de sensores del sistema del vehiculo
Luz Check Engine encendida con codigo de falla P0100: B1839,Falla de sensores del sistema del vehiculo
Luz Check Engine encendida con codigo de falla P0100: B1840,Falla de sensores del sistema del vehiculo
Luz Check Engine encendida con codigo de falla P0100: B1841,Falla de sensores del sistema del vehiculo
Luz Check Engine encendida con codigo de falla P0100: B1842,Falla de sensores del sistema del vehiculo
Luz Check Engine encendida con codigo de falla P0100: B1843,Falla de sensores del sistema del vehiculo
Luz Check Engine encendida con codigo de falla P0100: B1844,Falla de sensores del sistema del vehiculo
Luz Check Engine encendida con codigo de falla P0100: B1845,Falla de sensores del sistema del vehiculo
Luz Check Engine encendida con codigo de falla P0100: B1846,Falla de sensores del sistema del vehiculo
Luz Check Engine encendida con codigo de falla P0100: B1847,Falla de sensores del sistema del vehiculo
Luz Check Engine encendida con codigo de falla P0100: B1848,Falla de sensores del sistema del vehiculo
Luz Check Engine encendida con codigo de falla P0100: B1849,Falla de sensores del sistema del vehiculo
Luz Check Engine encendida con codigo de falla P0100: B1850,Falla de sensores del sistema del vehiculo
Luz Check Engine encendida con codigo de falla P0100: B1851,Falla de sensores del sistema del vehiculo
Luz Check Engine encendida con codigo de falla P0100: B1852,Falla de sensores del sistema del vehiculo
Luz Check Engine encendida con codigo de falla P0100: B1853,Falla de sensores del sistema del vehiculo
Luz Check Engine encendida con codigo de falla P0100: B1854,Falla de sensores del sistema del vehiculo
Luz Check Engine encendida con codigo de falla P0100: B1855,Falla de sensores del sistema del vehiculo
Luz Check Engine encendida con codigo de falla P0100: B1856,Falla de sensores del sistema del vehiculo
Luz Check Engine encendida con codigo de falla P0100: B1857,Falla de sensores del sistema del vehiculo
Luz Check Engine encendida con codigo de falla P0100: B1858,Falla de sensores del sistema del vehiculo
Luz Check Engine encendida con codigo de falla P0100: B1859,Falla de sensores del sistema del vehiculo
Luz Check Engine encendida con codigo de falla P0100: B1860,Falla de sensores del sistema del vehiculo
Luz Check Engine encendida con codigo de falla P0100: B1861,Falla de sensores del sistema del vehiculo
Luz Check Engine encendida con codigo de falla P0100: B1862,Falla de sensores del sistema del vehiculo
Luz Check Engine encendida con codigo de falla P0100: B1863,Falla de sensores del sistema del vehiculo
Luz Check Engine encendida con codigo de falla P0100: B1864,Falla de sensores del sistema del vehiculo
Luz Check Engine encendida con codigo de falla P0100: B1865,Falla de sensores del sistema del vehiculo
Luz Check Engine encendida con codigo de falla P0100: B1866,Falla de sensores del sistema del vehiculo
Luz Check Engine encendida con codigo de falla P0100: B1867,Falla de sensores del sistema del vehiculo
Luz Check Engine encendida con codigo de falla P0100: B1868,Falla de sensores del sistema del vehiculo
Luz Check Engine encendida con codigo de falla P0100: B1869,Falla de sensores del sistema del vehiculo
Luz Check Engine encendida con codigo de falla P0100: B1870,Falla de sensores del sistema del vehiculo
Luz Check Engine encendida con codigo de falla P0100: B1871,Falla de sensores del sistema del vehiculo
Luz Check Engine encendida con codigo de falla P0100: B1872,Falla de sensores del sistema del vehiculo
Luz Check Engine encendida con codigo de falla P0100: B1873,Falla de sensores del sistema del vehiculo
Luz Check Engine encendida con codigo de falla P0100: B1874,Falla de sensores del sistema del vehiculo
Luz Check Engine encendida con codigo de falla P0100: B1875,Falla de sensores del sistema del vehiculo
Luz Check Engine encendida con codigo de falla P0100: B1876,Falla de sensores del sistema del vehiculo
Luz Check Engine encendida con codigo de falla P0100: B1877,Falla de sensores del sistema del vehiculo
Luz Check Engine encendida con codigo de falla P0100: B1878,Falla de sensores del sistema del vehiculo
Luz Check Engine encendida con codigo de falla P0100: B1879,Falla de sensores del sistema del vehiculo
Luz Check Engine encendida con codigo de falla P0100: B1880,Falla de sensores del sistema del vehiculo
Luz Check Engine encendida con codigo de falla P0100: B1881,Falla de sensores del sistema del vehiculo
Luz Check Engine encendida con codigo de falla P0100: B1882,Falla de sensores del sistema del vehiculo
Luz Check Engine encendida con codigo de falla P0100: B1883,Falla de sensores del sistema del vehiculo
Luz Check Engine encendida con codigo de falla P0100: B1884,Falla de sensores del sistema del vehiculo
Luz Check Engine encendida con codigo de falla P0100: B1885,Falla de sensores del sistema del vehiculo
Luz Check Engine encendida con codigo de falla P0100: B1886,Falla de sensores del sistema del vehiculo
Luz Check Engine encendida con codigo de falla P0100: B1887,Falla de sensores del sistema del vehiculo
Luz Check Engine encendida con codigo de falla P0100: B1888,Falla de sensores del sistema del vehiculo
Luz Check Engine encendida con codigo de falla P0100: B1889,Falla de sensores del sistema del vehiculo
Luz Check Engine encendida con codigo de falla P0100: B1890,Falla de sensores del sistema del vehiculo
Luz Check Engine encendida con codigo de falla P0100: B1891,Falla de sensores del sistema del vehiculo
Luz Check Engine encendida con codigo de falla P0100: B1892,Falla de sensores del sistema del vehiculo
Luz Check Engine encendida con codigo de falla P0100: B1893,Falla de sensores del sistema del vehiculo
Luz Check Engine encendida con codigo de falla P0100: B1894,Falla de sensores del sistema del vehiculo
Luz Check Engine encendida con codigo de falla P0100: B1897,Falla de sensores del sistema del vehiculo
Luz Check Engine encendida con codigo de falla P0100: B1898,Falla de sensores del sistema del vehiculo
Luz Check Engine encendida con codigo de falla P0100: B1899,Falla de sensores del sistema del vehiculo
Luz Check Engine encendida con codigo de falla P0100: B1900,Falla de sensores del sistema del vehiculo
Luz Check Engine encendida con codigo de falla P0100: B1901,Falla de sensores del sistema del vehiculo
Luz Check Engine encendida con codigo de falla P0100: B1902,Falla de sensores del sistema del vehiculo
Luz Check Engine encendida con codigo de falla P0100: B1903,Falla de sensores del sistema del vehiculo
Luz Check Engine encendida con codigo de falla P0100: B1904,Falla de sensores del sistema del vehiculo
Luz Check Engine encendida con codigo de falla P0100: B1905,Falla de sensores del sistema del vehiculo
Luz Check Engine encendida con codigo de falla P0100: B1906,Falla de sensores del sistema del vehiculo
Luz Check Engine encendida con codigo de falla P0100: B1907,Falla de sensores del sistema del vehiculo
Luz Check Engine encendida con codigo de falla P0100: B1908,Falla de sensores del sistema del vehiculo
Luz Check Engine encendida con codigo de falla P0100: B1909,Falla de sensores del sistema del vehiculo
Luz Check Engine encendida con codigo de falla P0100: B1910,Falla de sensores del sistema del vehiculo
Luz Check Engine encendida con codigo de falla P0100: B1911,Falla de sensores del sistema del vehiculo
Luz Check Engine encendida con codigo de falla P0100: B1912,Falla de sensores del sistema del vehiculo
Luz Check Engine encendida con codigo de falla P0100: B1913,Falla de sensores del sistema del vehiculo
Luz Check Engine encendida con codigo de falla P0100: B1914,Falla de sensores del sistema del vehiculo
Luz Check Engine encendida con codigo de falla P0100: B1915,Falla de sensores del sistema del vehiculo
Luz Check Engine encendida con codigo de falla P0100: B1916,Falla de sensores del sistema del vehiculo
Luz Check Engine encendida con codigo de falla P0100: B1917,Falla de sensores del sistema del vehiculo
Luz Check Engine encendida con codigo de falla P0100: B1918,Falla de sensores del sistema del vehiculo
Luz Check Engine encendida con codigo de falla P0100: B1919,Falla de sensores del sistema del vehiculo
Luz Check Engine encendida con codigo de falla P0100: B1920,Falla de sensores del sistema del vehiculo
Luz Check Engine encendida con codigo de falla P0100: B1921,Falla de sensores del sistema del vehiculo
Luz Check Engine encendida con codigo de falla P0100: B1922,Falla de sensores del sistema del vehiculo
Luz Check Engine encendida con codigo de falla P0100: B1923,Falla de sensores del sistema del vehiculo
Luz Check Engine encendida con codigo de falla P0100: B1924,Falla de sensores del sistema del vehiculo
Luz Check Engine encendida con codigo de falla P0100: B1925,Falla de sensores del sistema del vehiculo
Luz Check Engine encendida con codigo de falla P0100: B1926,Falla de sensores del sistema del vehiculo
Luz Check Engine encendida con codigo de falla P0100: B1927,Falla de sensores del sistema del vehiculo
Luz Check Engine encendida con codigo de falla P0100: B1928,Falla de sensores del sistema del vehiculo
Luz Check Engine encendida con codigo de falla P0100: B1929,Falla de sensores del sistema del vehiculo
Luz Check Engine encendida con codigo de falla P0100: B1930,Falla de sensores del sistema del vehiculo
Luz Check Engine encendida con codigo de falla P0100: B1931,Falla de sensores del sistema del vehiculo
Luz Check Engine encendida con codigo de falla P0100: B1932,Falla de sensores del sistema del vehiculo
Luz Check Engine encendida con codigo de falla P0100: B1933,Falla de sensores del sistema del vehiculo
Luz Check Engine encendida con codigo de falla P0100: B1934,Falla de sensores del sistema del vehiculo
Luz Check Engine encendida con codigo de falla P0100: B1935,Falla de sensores del sistema del vehiculo
Luz Check Engine encendida con codigo de falla P0100: B1936,Falla de sensores del sistema del vehiculo
Luz Check Engine encendida con codigo de falla P0100: B1937,Falla de sensores del sistema del vehiculo
Luz Check Engine encendida con codigo de falla P0100: B1938,Falla de sensores del sistema del vehiculo
Luz Check Engine encendida con codigo de falla P0100: B1939,Falla de sensores del sistema del vehiculo
Luz Check Engine encendida con codigo de falla P0100: B1941,Falla de sensores del sistema del vehiculo
Luz Check Engine encendida con codigo de falla P0100: B1942,Falla de sensores del sistema del vehiculo
Luz Check Engine encendida con codigo de falla P0100: B1943,Falla de sensores del sistema del vehiculo
Luz Check Engine encendida con codigo de falla P0100: B1944,Falla de sensores del sistema del vehiculo
Luz Check Engine encendida con codigo de falla P0100: B1945,Falla de sensores del sistema del vehiculo
Luz Check Engine encendida con codigo de falla P0100: B1946,Falla de sensores del sistema del vehiculo
Luz Check Engine encendida con codigo de falla P0100: B1947,Falla de sensores del sistema del vehiculo
Luz Check Engine encendida con codigo de falla P0100: B1948,Falla de sensores del sistema del vehiculo
Luz Check Engine encendida con codigo de falla P0100: B1949,Falla de sensores del sistema del vehiculo
Luz Check Engine encendida con codigo de falla P0100: B1950,Falla de sensores del sistema del vehiculo
Luz Check Engine encendida con codigo de falla P0100: B1951,Falla de sensores del sistema del vehiculo
Luz Check Engine encendida con codigo de falla P0100: B1952,Falla de sensores del sistema del vehiculo
Luz Check Engine encendida con codigo de falla P0100: B1953,Falla de sensores del sistema del vehiculo
Luz Check Engine encendida con codigo de falla P0100: B1954,Falla de sensores del sistema del vehiculo
Luz Check Engine encendida con codigo de falla P0100: B1955,Falla de sensores del sistema del vehiculo
Luz Check Engine encendida con codigo de falla P0100: B1956,Falla de sensores del sistema del vehiculo
Luz Check Engine encendida con codigo de falla P0100: B1957,Falla de sensores del sistema del vehiculo
Luz Check Engine encendida con codigo de falla P0100: B1958,Falla de sensores del sistema del vehiculo
Luz Check Engine encendida con codigo de falla P0100: B1959,Falla de sensores del sistema del vehiculo
Luz Check Engine encendida con codigo de falla P0100: B1960,Falla de sensores del sistema del vehiculo
Luz Check Engine encendida con codigo de falla P0100: B1961,Falla de sensores del sistema del vehiculo
Luz Check Engine encendida con codigo de falla P0100: B1962,Falla de sensores del sistema del vehiculo
Luz Check Engine encendida con codigo de falla P0100: B1963,Falla de sensores del sistema del vehiculo
Luz Check Engine encendida con codigo de falla P0100: B1964,Falla de sensores del sistema del vehiculo
Luz Check Engine encendida con codigo de falla P0100: B1965,Falla de sensores del sistema del vehiculo
Luz Check Engine encendida con codigo de falla P0100: B1966,Falla de sensores del sistema del vehiculo
Luz Check Engine encendida con codigo de falla P0100: B1967,Falla de sensores del sistema del vehiculo
Luz Check Engine encendida con codigo de falla P0100: B1968,Falla de sensores del sistema del vehiculo
Luz Check Engine encendida con codigo de falla P0100: B1969,Falla de sensores del sistema del vehiculo
Luz Check Engine encendida con codigo de falla P0100: B1970,Falla de sensores del sistema del vehiculo
Luz Check Engine encendida con codigo de falla P0100: B1971,Falla de sensores del sistema del vehiculo
Luz Check Engine encendida con codigo de falla P0100: B1972,Falla de sensores del sistema del vehiculo
Luz Check Engine encendida con codigo de falla P0100: B1973,Falla de sensores del sistema del vehiculo
Luz Check Engine encendida con codigo de falla P0100: B1979,Falla de sensores del sistema del vehiculo
Luz Check Engine encendida con codigo de falla P0100: B1980,Falla de sensores del sistema del vehiculo
Luz Check Engine encendida con codigo de falla P0100: B1981,Falla de sensores del sistema del vehiculo
Luz Check Engine encendida con codigo de falla P0100: B1984,Falla de sensores del sistema del vehiculo
Luz Check Engine encendida con codigo de falla P0100: B1985,Falla de sensores del sistema del vehiculo
Luz Check Engine encendida con codigo de falla P0100: B1987,Falla de sensores del sistema del vehiculo
Luz Check Engine encendida con codigo de falla P0100: B1988,Falla de sensores del sistema del vehiculo
Luz Check Engine encendida con codigo de falla P0100: B1989,Falla de sensores del sistema del vehiculo
Luz Check Engine encendida con codigo de falla P0100: B1990,Falla de sensores del sistema del vehiculo
Luz Check Engine encendida con codigo de falla P0100: B1991,Falla de sensores del sistema del vehiculo
Luz Check Engine encendida con codigo de falla P0100: B1992,Falla de sensores del sistema del vehiculo
Luz Check Engine encendida con codigo de falla P0100: B1993,Falla de sensores del sistema del vehiculo
Luz Check Engine encendida con codigo de falla P0100: B1994,Falla de sensores del sistema del vehiculo
Luz Check Engine encendida con codigo de falla P0100: B1995,Falla de sensores del sistema del vehiculo
Luz Check Engine encendida con codigo de falla P0100: B1996,Falla de sensores del sistema del vehiculo
Luz Check Engine encendida con codigo de falla P0100: B1997,Falla de sensores del sistema del vehiculo
Luz Check Engine encendida con codigo de falla P0100: B1998,Falla de sensores del sistema del vehiculo
Luz Check Engine encendida con codigo de falla P0100: B1999,Falla de sensores del sistema del vehiculo
Luz Check Engine encendida con codigo de falla P0100: B2100,Falla de sensores del sistema del vehiculo
Luz Check Engine encendida con codigo de falla P0100: B2101,Falla de sensores del sistema del vehiculo
Luz Check Engine encendida con codigo de falla P0100: B2102,Falla de sensores del sistema del vehiculo
Luz Check Engine encendida con codigo de falla P0100: B2103,Falla de sensores del sistema del vehiculo
Luz Check Engine encendida con codigo de falla P0100: B2104,Falla de sensores del sistema del vehiculo
Luz Check Engine encendida con codigo de falla P0100: B2105,Falla de sensores del sistema del vehiculo
Luz Check Engine encendida con codigo de falla P0100: B2106,Falla de sensores del sistema del vehiculo
Luz Check Engine encendida con codigo de falla P0100: B2107,Falla de sensores del sistema del vehiculo
Luz Check Engine encendida con codigo de falla P0100: B2108,Falla de sensores del sistema del vehiculo
Luz Check Engine encendida con codigo de falla P0100: B2109,Falla de sensores del sistema del vehiculo
Luz Check Engine encendida con codigo de falla P0100: B2110,Falla de sensores del sistema del vehiculo
Luz Check Engine encendida con codigo de falla P0100: B2111,Falla de sensores del sistema del vehiculo
Luz Check Engine encendida con codigo de falla P0100: B2112,Falla de sensores del sistema del vehiculo
Luz Check Engine encendida con codigo de falla P0100: B2113,Falla de sensores del sistema del vehiculo
Luz Check Engine encendida con codigo de falla P0100: B2114,Falla de sensores del sistema del vehiculo
Luz Check Engine encendida con codigo de falla P0100: B2115,Falla de sensores del sistema del vehiculo
Luz Check Engine encendida con codigo de falla P0100: B2116,Falla de sensores del sistema del vehiculo
Luz Check Engine encendida con codigo de falla P0100: B2117,Falla de sensores del sistema del vehiculo
Luz Check Engine encendida con codigo de falla P0100: B2118,Falla de sensores del sistema del vehiculo
Luz Check Engine encendida con codigo de falla P0100: B2119,Falla de sensores del sistema del vehiculo
Luz Check Engine encendida con codigo de falla P0100: B2120,Falla de sensores del sistema del vehiculo
Luz Check Engine encendida con codigo de falla P0100: B2122,Falla de sensores del sistema del vehiculo
Luz Check Engine encendida con codigo de falla P0100: B2123,Falla de sensores del sistema del vehiculo
Luz Check Engine encendida con codigo de falla P0100: B2124,Falla de sensores del sistema del vehiculo
Luz Check Engine encendida con codigo de falla P0100: B2128,Falla de sensores del sistema del vehiculo
Luz Check Engine encendida con codigo de falla P0100: B2129,Falla de sensores del sistema del vehiculo
Luz Check Engine encendida con codigo de falla P0100: B2130,Falla de sensores del sistema del vehiculo
Luz Check Engine encendida con codigo de falla P0100: B2131,Falla de sensores del sistema del vehiculo
Luz Check Engine encendida con codigo de falla P0100: B2132,Falla de sensores del sistema del vehiculo
Luz Check Engine encendida con codigo de falla P0100: B2133,Falla de sensores del sistema del vehiculo
Luz Check Engine encendida con codigo de falla P0100: B2134,Falla de sensores del sistema del vehiculo
Luz Check Engine encendida con codigo de falla P0100: B2135,Falla de sensores del sistema del vehiculo
Luz Check Engine encendida con codigo de falla P0100: B2136,Falla de sensores del sistema del vehiculo
Luz Check Engine encendida con codigo de falla P0100: B2139,Falla de sensores del sistema del vehiculo
Luz Check Engine encendida con codigo de falla P0100: B2141,Falla de sensores del sistema del vehiculo
Luz Check Engine encendida con codigo de falla P0100: B2142,Falla de sensores del sistema del vehiculo
Luz Check Engine encendida con codigo de falla P0100: B2143,Falla de sensores del sistema del vehiculo
Luz Check Engine encendida con codigo de falla P0100: B2144,Falla de sensores del sistema del vehiculo
Luz Check Engine encendida con codigo de falla P0100: B2145,Falla de sensores del sistema del vehiculo
Luz Check Engine encendida con codigo de falla P0100: B2146,Falla de sensores del sistema del vehiculo
Luz Check Engine encendida con codigo de falla P0100: B2148,Falla de sensores del sistema del vehiculo
Luz Check Engine encendida con codigo de falla P0100: B2149,Falla de sensores del sistema del vehiculo
Luz Check Engine encendida con codigo de falla P0100: B2150,Falla de sensores del sistema del vehiculo
Luz Check Engine encendida con codigo de falla P0100: B2151,Falla de sensores del sistema del vehiculo
Luz Check Engine encendida con codigo de falla P0100: B2152,Falla de sensores del sistema del vehiculo
Luz Check Engine encendida con codigo de falla P0100: B2153,Falla de sensores del sistema del vehiculo
Luz Check Engine encendida con codigo de falla P0100: B2154,Falla de sensores del sistema del vehiculo
Luz Check Engine encendida con codigo de falla P0100: B2155,Falla de sensores del sistema del vehiculo
Luz Check Engine encendida con codigo de falla P0100: B2156,Falla de sensores del sistema del vehiculo
Luz Check Engine encendida con codigo de falla P0100: B2157,Falla de sensores del sistema del vehiculo
Luz Check Engine encendida con codigo de falla P0100: B2158,Falla de sensores del sistema del vehiculo
Luz Check Engine encendida con codigo de falla P0100: B2159,Falla de sensores del sistema del vehiculo
Luz Check Engine encendida con codigo de falla P0100: B2160,Falla de sensores del sistema del vehiculo
Luz Check Engine encendida con codigo de falla P0100: B2161,Falla de sensores del sistema del vehiculo
Luz Check Engine encendida con codigo de falla P0100: B2162,Falla de sensores del sistema del vehiculo
Luz Check Engine encendida con codigo de falla P0100: B2163,Falla de sensores del sistema del vehiculo
Luz Check Engine encendida con codigo de falla P0100: B2164,Falla de sensores del sistema del vehiculo
Luz Check Engine encendida con codigo de falla P0100: B2165,Falla de sensores del sistema del vehiculo
Luz Check Engine encendida con codigo de falla P0100: B2166,Falla de sensores del sistema del vehiculo
Luz Check Engine encendida con codigo de falla P0100: B2167,Falla de sensores del sistema del vehiculo
Luz Check Engine encendida con codigo de falla P0100: B2168,Falla de sensores del sistema del vehiculo
Luz Check Engine encendida con codigo de falla P0100: B2169,Falla de sensores del sistema del vehiculo
Luz Check Engine encendida con codigo de falla P0100: B2170,Falla de sensores del sistema del vehiculo
Luz Check Engine encendida con codigo de falla P0100: B2172,Falla de sensores del sistema del vehiculo
Luz Check Engine encendida con codigo de falla P0100: B2174,Falla de sensores del sistema del vehiculo
Luz Check Engine encendida con codigo de falla P0100: B2175,Falla de sensores del sistema del vehiculo
Luz Check Engine encendida con codigo de falla P0100: B2176,Falla de sensores del sistema del vehiculo
Luz Check Engine encendida con codigo de falla P0100: B2177,Falla de sensores del sistema del vehiculo
Luz Check Engine encendida con codigo de falla P0100: B2178,Falla de sensores del sistema del vehiculo
Luz Check Engine encendida con codigo de falla P0100: B2179,Falla de sensores del sistema del vehiculo
Luz Check Engine encendida con codigo de falla P0100: B2180,Falla de sensores del sistema del vehiculo
Luz Check Engine encendida con codigo de falla P0100: B2181,Falla de sensores del sistema del vehiculo
Luz Check Engine encendida con codigo de falla P0100: B2182,Falla de sensores del sistema del vehiculo
Luz Check Engine encendida con codigo de falla P0100: B2183,Falla de sensores del sistema del vehiculo
Luz Check Engine encendida con codigo de falla P0100: B2184,Falla de sensores del sistema del vehiculo
Luz Check Engine encendida con codigo de falla P0100: B2185,Falla de sensores del sistema del vehiculo
Luz Check Engine encendida con codigo de falla P0100: B2186,Falla de sensores del sistema del vehiculo
Luz Check Engine encendida con codigo de falla P0100: B2187,Falla de sensores del sistema del vehiculo
Luz Check Engine encendida con codigo de falla P0100: B2188,Falla de sensores del sistema del vehiculo
Luz Check Engine encendida con codigo de falla P0100: B2190,Falla de sensores del sistema del vehiculo
Luz Check Engine encendida con codigo de falla P0100: B2194,Falla de sensores del sistema del vehiculo
Luz Check Engine encendida con codigo de falla P0100: B2195,Falla de sensores del sistema del vehiculo
Luz Check Engine encendida con codigo de falla P0100: B2196,Falla de sensores del sistema del vehiculo
Luz Check Engine encendida con codigo de falla P0100: B2197,Falla de sensores del sistema del vehiculo
Luz Check Engine encendida con codigo de falla P0100: B2198,Falla de sensores del sistema del vehiculo
Luz Check Engine encendida con codigo de falla P0100: B2199,Falla de sensores del sistema del vehiculo
Luz Check Engine encendida con codigo de falla P0100: B2200,Falla de sensores del sistema del vehiculo
Luz Check Engine encendida con codigo de falla P0100: B2201,Falla de sensores del sistema del vehiculo
Luz Check Engine encendida con codigo de falla P0100: B2202,Falla de sensores del sistema del vehiculo
Luz Check Engine encendida con codigo de falla P0100: B2203,Falla de sensores del sistema del vehiculo
Luz Check Engine encendida con codigo de falla P0100: B2204,Falla de sensores del sistema del vehiculo
Luz Check Engine encendida con codigo de falla P0100: B2205,Falla de sensores del sistema del vehiculo
Luz Check Engine encendida con codigo de falla P0100: B2206,Falla de sensores del sistema del vehiculo
Luz Check Engine encendida con codigo de falla P0100: B2207,Falla de sensores del sistema del vehiculo
Luz Check Engine encendida con codigo de falla P0100: B2208,Falla de sensores del sistema del vehiculo
Luz Check Engine encendida con codigo de falla P0100: B2209,Falla de sensores del sistema del vehiculo
Luz Check Engine encendida con codigo de falla P0100: B2210,Falla de sensores del sistema del vehiculo
Luz Check Engine encendida con codigo de falla P0100: B2211,Falla de sensores del sistema del vehiculo
Luz Check Engine encendida con codigo de falla P0100: B2214,Falla de sensores del sistema del vehiculo
Luz Check Engine encendida con codigo de falla P0100: B2215,Falla de sensores del sistema del vehiculo
Luz Check Engine encendida con codigo de falla P0100: B2219,Falla de sensores del sistema del vehiculo
Luz Check Engine encendida con codigo de falla P0100: B2220,Falla de sensores del sistema del vehiculo
Luz Check Engine encendida con codigo de falla P0100: B2221,Falla de sensores del sistema del vehiculo
Luz Check Engine encendida con codigo de falla P0100: B2222,Falla de sensores del sistema del vehiculo
Luz Check Engine encendida con codigo de falla P0100: B2223,Falla de sensores del sistema del vehiculo
Luz Check Engine encendida con codigo de falla P0100: B2224,Falla de sensores del sistema del vehiculo
Luz Check Engine encendida con codigo de falla P0100: B2225,Falla de sensores del sistema del vehiculo
Luz Check Engine encendida con codigo de falla P0100: B2226,Falla de sensores del sistema del vehiculo
Luz Check Engine encendida con codigo de falla P0100: B2227,Falla de sensores del sistema del vehiculo
Luz Check Engine encendida con codigo de falla P0100: B2228,Falla de sensores del sistema del vehiculo
Luz Check Engine encendida con codigo de falla P0100: B2229,Falla de sensores del sistema del vehiculo
Luz Check Engine encendida con codigo de falla P0100: B2230,Falla de sensores del sistema del vehiculo
Luz Check Engine encendida con codigo de falla P0100: B2231,Falla de sensores del sistema del vehiculo
Luz Check Engine encendida con codigo de falla P0100: B2232,Falla de sensores del sistema del vehiculo
Luz Check Engine encendida con codigo de falla P0100: B2233,Falla de sensores del sistema del vehiculo
Luz Check Engine encendida con codigo de falla P0100: B2234,Falla de sensores del sistema del vehiculo
Luz Check Engine encendida con codigo de falla P0100: B2235,Falla de sensores del sistema del vehiculo
Luz Check Engine encendida con codigo de falla P0100: B2236,Falla de sensores del sistema del vehiculo
Luz Check Engine encendida con codigo de falla P0100: B2237,Falla de sensores del sistema del vehiculo
Luz Check Engine encendida con codigo de falla P0100: B2238,Falla de sensores del sistema del vehiculo
Luz Check Engine encendida con codigo de falla P0100: B2239,Falla de sensores del sistema del vehiculo
Luz Check Engine encendida con codigo de falla P0100: B2240,Falla de sensores del sistema del vehiculo
Luz Check Engine encendida con codigo de falla P0100: B2241,Falla de sensores del sistema del vehiculo
Luz Check Engine encendida con codigo de falla P0100: B2242,Falla de sensores del sistema del vehiculo
Luz Check Engine encendida con codigo de falla P0100: B2243,Falla de sensores del sistema del vehiculo
Luz Check Engine encendida con codigo de falla P0100: B2244,Falla de sensores del sistema del vehiculo
Luz Check Engine encendida con codigo de falla P0100: B2245,Falla de sensores del sistema del vehiculo
Luz Check Engine encendida con codigo de falla P0100: B2246,Falla de sensores del sistema del vehiculo
Luz Check Engine encendida con codigo de falla P0100: B2247,Falla de sensores del sistema del vehiculo
Luz Check Engine encendida con codigo de falla P0100: B2248,Falla de sensores del sistema del vehiculo
Luz Check Engine encendida con codigo de falla P0100: B2249,Falla de sensores del sistema del vehiculo
Luz Check Engine encendida con codigo de falla P0100: B2250,Falla de sensores del sistema del vehiculo
Luz Check Engine encendida con codigo de falla P0100: B2251,Falla de sensores del sistema del vehiculo
Luz Check Engine encendida con codigo de falla P0100: B2252,Falla de sensores del sistema del vehiculo
Luz Check Engine encendida con codigo de falla P0100: B2300,Falla de sensores del sistema del vehiculo
Luz Check Engine encendida con codigo de falla P0100: B2301,Falla de sensores del sistema del vehiculo
Luz Check Engine encendida con codigo de falla P0100: B2302,Falla de sensores del sistema del vehiculo
Luz Check Engine encendida con codigo de falla P0100: B2303,Falla de sensores del sistema del vehiculo
Luz Check Engine encendida con codigo de falla P0100: B2304,Falla de sensores del sistema del vehiculo
Luz Check Engine encendida con codigo de falla P0100: B2305,Falla de sensores del sistema del vehiculo
Luz Check Engine encendida con codigo de falla P0100: B2306,Falla de sensores del sistema del vehiculo
Luz Check Engine encendida con codigo de falla P0100: B2310,Falla de sensores del sistema del vehiculo
Luz Check Engine encendida con codigo de falla P0100: B2311,Falla de sensores del sistema del vehiculo
Luz Check Engine encendida con codigo de falla P0100: B2312,Falla de sensores del sistema del vehiculo
Luz Check Engine encendida con codigo de falla P0100: B2313,Falla de sensores del sistema del vehiculo
Luz Check Engine encendida con codigo de falla P0100: B2314,Falla de sensores del sistema del vehiculo
Luz Check Engine encendida con codigo de falla P0100: B2315,Falla de sensores del sistema del vehiculo
Luz Check Engine encendida con codigo de falla P0100: B2316,Falla de sensores del sistema del vehiculo
Luz Check Engine encendida con codigo de falla P0100: B2317,Falla de sensores del sistema del vehiculo
Luz Check Engine encendida con codigo de falla P0100: B2318,Falla de sensores del sistema del vehiculo
Luz Check Engine encendida con codigo de falla P0100: B2319,Falla de sensores del sistema del vehiculo
Luz Check Engine encendida con codigo de falla P0100: B2320,Falla de sensores del sistema del vehiculo
Luz Check Engine encendida con codigo de falla P0100: B2321,Falla de sensores del sistema del vehiculo
Luz Check Engine encendida con codigo de falla P0100: B2322,Falla de sensores del sistema del vehiculo
Luz Check Engine encendida con codigo de falla P0100: B2323,Falla de sensores del sistema del vehiculo
Luz Check Engine encendida con codigo de falla P0100: B2324,Falla de sensores del sistema del vehiculo
Luz Check Engine encendida con codigo de falla P0100: B2325,Falla de sensores del sistema del vehiculo
Luz Check Engine encendida con codigo de falla P0100: B2326,Falla de sensores del sistema del vehiculo
Luz Check Engine encendida con codigo de falla P0100: B2327,Falla de sensores del sistema del vehiculo
Luz Check Engine encendida con codigo de falla P0100: B2328,Falla de sensores del sistema del vehiculo
Luz Check Engine encendida con codigo de falla P0100: B2329,Falla de sensores del sistema del vehiculo
Luz Check Engine encendida con codigo de falla P0100: B2330,Falla de sensores del sistema del vehiculo
Luz Check Engine encendida con codigo de falla P0100: B2331,Falla de sensores del sistema del vehiculo
Luz Check Engine encendida con codigo de falla P0100: B2332,Falla de sensores del sistema del vehiculo
Luz Check Engine encendida con codigo de falla P0100: B2333,Falla de sensores del sistema del vehiculo
Luz Check Engine encendida con codigo de falla P0100: B2334,Falla de sensores del sistema del vehiculo
Luz Check Engine encendida con codigo de falla P0100: B2335,Falla de sensores del sistema del vehiculo
Luz Check Engine encendida con codigo de falla P0100: B2336,Falla de sensores del sistema del vehiculo
Luz Check Engine encendida con codigo de falla P0100: B2337,Falla de sensores del sistema del vehiculo
Luz Check Engine encendida con codigo de falla P0100: B2338,Falla de sensores del sistema del vehiculo
Luz Check Engine encendida con codigo de falla P0100: B2339,Falla de sensores del sistema del vehiculo
Luz Check Engine encendida con codigo de falla P0100: B2340,Falla de sensores del sistema del vehiculo
Luz Check Engine encendida con codigo de falla P0100: B2341,Falla de sensores del sistema del vehiculo
Luz Check Engine encendida con codigo de falla P0100: B2342,Falla de sensores del sistema del vehiculo
Luz Check Engine encendida con codigo de falla P0100: B2343,Falla de sensores del sistema del vehiculo
Luz Check Engine encendida con codigo de falla P0100: B2344,Falla de sensores del sistema del vehiculo
Luz Check Engine encendida con codigo de falla P0100: B2345,Falla de sensores del sistema del vehiculo
Luz Check Engine encendida con codigo de falla P0100: B2346,Falla de sensores del sistema del vehiculo
Luz Check Engine encendida con codigo de falla P0100: B2347,Falla de sensores del sistema del vehiculo
Luz Check Engine encendida con codigo de falla P0100: B2348,Falla de sensores del sistema del vehiculo
Luz Check Engine encendida con codigo de falla P0100: B2349,Falla de sensores del sistema del vehiculo
Luz Check Engine encendida con codigo de falla P0100: B2350,Falla de sensores del sistema del vehiculo
Luz Check Engine encendida con codigo de falla P0100: B2351,Falla de sensores del sistema del vehiculo
Luz Check Engine encendida con codigo de falla P0100: B2352,Falla de sensores del sistema del vehiculo
Luz Check Engine encendida con codigo de falla P0100: B2353,Falla de sensores del sistema del vehiculo
Luz Check Engine encendida con codigo de falla P0100: B2354,Falla de sensores del sistema del vehiculo
Luz Check Engine encendida con codigo de falla P0100: B2355,Falla de sensores del sistema del vehiculo
Luz Check Engine encendida con codigo de falla P0100: B2357,Falla de sensores del sistema del vehiculo
Luz Check Engine encendida con codigo de falla P0100: B2362,Falla de sensores del sistema del vehiculo
Luz Check Engine encendida con codigo de falla P0100: B2363,Falla de sensores del sistema del vehiculo
Luz Check Engine encendida con codigo de falla P0100: B2364,Falla de sensores del sistema del vehiculo
Luz Check Engine encendida con codigo de falla P0100: B2365,Falla de sensores del sistema del vehiculo
Luz Check Engine encendida con codigo de falla P0100: B2366,Falla de sensores del sistema del vehiculo
Luz Check Engine encendida con codigo de falla P0100: B2367,Falla de sensores del sistema del vehiculo
Luz Check Engine encendida con codigo de falla P0100: B2368,Falla de sensores del sistema del vehiculo
Luz Check Engine encendida con codigo de falla P0100: B2369,Falla de sensores del sistema del vehiculo
Luz Check Engine encendida con codigo de falla P0100: B2373,Falla de sensores del sistema del vehiculo
Luz Check Engine encendida con codigo de falla P0100: B2374,Falla de sensores del sistema del vehiculo
Luz Check Engine encendida con codigo de falla P0100: B2380,Falla de sensores del sistema del vehiculo
Luz Check Engine encendida con codigo de falla P0100: B2381,Falla de sensores del sistema del vehiculo
Luz Check Engine encendida con codigo de falla P0100: B2384,Falla de sensores del sistema del vehiculo
Luz Check Engine encendida con codigo de falla P0100: B2385,Falla de sensores del sistema del vehiculo
Luz Check Engine encendida con codigo de falla P0100: B2401,Falla de sensores del sistema del vehiculo
Luz Check Engine encendida con codigo de falla P0100: B2402,Falla de sensores del sistema del vehiculo
Luz Check Engine encendida con codigo de falla P0100: B2403,Falla de sensores del sistema del vehiculo
Luz Check Engine encendida con codigo de falla P0100: B2404,Falla de sensores del sistema del vehiculo
Luz Check Engine encendida con codigo de falla P0100: B2405,Falla de sensores del sistema del vehiculo
Luz Check Engine encendida con codigo de falla P0100: B2406,Falla de sensores del sistema del vehiculo
Luz Check Engine encendida con codigo de falla P0100: B2416,Falla de sensores del sistema del vehiculo
Luz Check Engine encendida con codigo de falla P0100: B2425,Falla de sensores del sistema del vehiculo
Luz Check Engine encendida con codigo de falla P0100: B2426,Falla de sensores del sistema del vehiculo
Luz Check Engine encendida con codigo de falla P0100: B2427,Falla de sensores del sistema del vehiculo
Luz Check Engine encendida con codigo de falla P0100: B2428,Falla de sensores del sistema del vehiculo
Luz Check Engine encendida con codigo de falla P0100: B2429,Falla de sensores del sistema del vehiculo
Luz Check Engine encendida con codigo de falla P0100: B2431,Falla de sensores del sistema del vehiculo
Luz Check Engine encendida con codigo de falla P0100: B2432,Falla de sensores del sistema del vehiculo
Luz Check Engine encendida con codigo de falla P0100: B2433,Falla de sensores del sistema del vehiculo
Luz Check Engine encendida con codigo de falla P0100: B2434,Falla de sensores del sistema del vehiculo
Luz Check Engine encendida con codigo de falla P0100: B2435,Falla de sensores del sistema del vehiculo
Luz Check Engine encendida con codigo de falla P0100: B2436,Falla de sensores del sistema del vehiculo
Luz Check Engine encendida con codigo de falla P0100: B2437,Falla de sensores del sistema del vehiculo
Luz Check Engine encendida con codigo de falla P0100: B2438,Falla de sensores del sistema del vehiculo
Luz Check Engine encendida con codigo de falla P0100: B2439,Falla de sensores del sistema del vehiculo
Luz Check Engine encendida con codigo de falla P0100: B2440,Falla de sensores del sistema del vehiculo
Luz Check Engine encendida con codigo de falla P0100: B2441,Falla de sensores del sistema del vehiculo
Luz Check Engine encendida con codigo de falla P0100: B2442,Falla de sensores del sistema del vehiculo
Luz Check Engine encendida con codigo de falla P0100: B2443,Falla de sensores del sistema del vehiculo
Luz Check Engine encendida con codigo de falla P0100: B2444,Falla de sensores del sistema del vehiculo
Luz Check Engine encendida con codigo de falla P0100: B2445,Falla de sensores del sistema del vehiculo
Luz Check Engine encendida con codigo de falla P0100: B2446,Falla de sensores del sistema del vehiculo
Luz Check Engine encendida con codigo de falla P0100: B2447,Falla de sensores del sistema del vehiculo
Luz Check Engine encendida con codigo de falla P0100: B2448,Falla de sensores del sistema del vehiculo
Luz Check Engine encendida con codigo de falla P0100: B2449,Falla de sensores del sistema del vehiculo
Luz Check Engine encendida con codigo de falla P0100: B2450,Falla de sensores del sistema del vehiculo
Luz Check Engine encendida con codigo de falla P0100: B2451,Falla de sensores del sistema del vehiculo
Luz Check Engine encendida con codigo de falla P0100: B2452,Falla de sensores del sistema del vehiculo
Luz Check Engine encendida con codigo de falla P0100: B2453,Falla de sensores del sistema del vehiculo
Luz Check Engine encendida con codigo de falla P0100: B2454,Falla de sensores del sistema del vehiculo
Luz Check Engine encendida con codigo de falla P0100: B2455,Falla de sensores del sistema del vehiculo
Luz Check Engine encendida con codigo de falla P0100: B2456,Falla de sensores del sistema del vehiculo
Luz Check Engine encendida con codigo de falla P0100: B2457,Falla de sensores del sistema del vehiculo
Luz Check Engine encendida con codigo de falla P0100: B2458,Falla de sensores del sistema del vehiculo
Luz Check Engine encendida con codigo de falla P0100: B2459,Falla de sensores del sistema del vehiculo
Luz Check Engine encendida con codigo de falla P0100: B2460,Falla de sensores del sistema del vehiculo
Luz Check Engine encendida con codigo de falla P0100: B2461,Falla de sensores del sistema del vehiculo
Luz Check Engine encendida con codigo de falla P0100: B2462,Falla de sensores del sistema del vehiculo
Luz Check Engine encendida con codigo de falla P0100: B2463,Falla de sensores del sistema del vehiculo
Luz Check Engine encendida con codigo de falla P0100: B2464,Falla de sensores del sistema del vehiculo
Luz Check Engine encendida con codigo de falla P0100: B2465,Falla de sensores del sistema del vehiculo
Luz Check Engine encendida con codigo de falla P0100: B2466,Falla de sensores del sistema del vehiculo
Luz Check Engine encendida con codigo de falla P0100: B2467,Falla de sensores del sistema del vehiculo
Luz Check Engine encendida con codigo de falla P0100: B2468,Falla de sensores del sistema del vehiculo
Luz Check Engine encendida con codigo de falla P0100: B2469,Falla de sensores del sistema del vehiculo
Luz Check Engine encendida con codigo de falla P0100: B2470,Falla de sensores del sistema del vehiculo
Luz Check Engine encendida con codigo de falla P0100: B2471,Falla de sensores del sistema del vehiculo
Luz Check Engine encendida con codigo de falla P0100: B2472,Falla de sensores del sistema del vehiculo
Luz Check Engine encendida con codigo de falla P0100: B2473,Falla de sensores del sistema del vehiculo
Luz Check Engine encendida con codigo de falla P0100: B2474,Falla de sensores del sistema del vehiculo
Luz Check Engine encendida con codigo de falla P0100: B2475,Falla de sensores del sistema del vehiculo
Luz Check Engine encendida con codigo de falla P0100: B2476,Falla de sensores del sistema del vehiculo
Luz Check Engine encendida con codigo de falla P0100: B2477,Falla de sensores del sistema del vehiculo
Luz Check Engine encendida con codigo de falla P0100: B2478,Falla de sensores del sistema del vehiculo
Luz Check Engine encendida con codigo de falla P0100: B2479,Falla de sensores del sistema del vehiculo
Luz Check Engine encendida con codigo de falla P0100: B2480,Falla de sensores del sistema del vehiculo
Luz Check Engine encendida con codigo de falla P0100: B2481,Falla de sensores del sistema del vehiculo
Luz Check Engine encendida con codigo de falla P0100: B2482,Falla de sensores del sistema del vehiculo
Luz Check Engine encendida con codigo de falla P0100: B2483,Falla de sensores del sistema del vehiculo
Luz Check Engine encendida con codigo de falla P0100: B2484,Falla de sensores del sistema del vehiculo
Luz Check Engine encendida con codigo de falla P0100: B2485,Falla de sensores del sistema del vehiculo
Luz Check Engine encendida con codigo de falla P0100: B2487,Falla de sensores del sistema del vehiculo
Luz Check Engine encendida con codigo de falla P0100: B2489,Falla de sensores del sistema del vehiculo
Luz Check Engine encendida con codigo de falla P0100: B2490,Falla de sensores del sistema del vehiculo
Luz Check Engine encendida con codigo de falla P0100: B2491,Falla de sensores del sistema del vehiculo
Luz Check Engine encendida con codigo de falla P0100: B2492,Falla de sensores del sistema del vehiculo
Luz Check Engine encendida con codigo de falla P0100: B2493,Falla de sensores del sistema del vehiculo
Luz Check Engine encendida con codigo de falla P0100: B2494,Falla de sensores del sistema del vehiculo
Luz Check Engine encendida con codigo de falla P0100: B2495,Falla de sensores del sistema del vehiculo
Luz Check Engine encendida con codigo de falla P0100: B2496,Falla de sensores del sistema del vehiculo
Luz Check Engine encendida con codigo de falla P0100: B2499,Falla de sensores del sistema del vehiculo
Luz Check Engine encendida con codigo de falla P0100: B2500,Falla de sensores del sistema del vehiculo
Luz Check Engine encendida con codigo de falla P0100: B2501,Falla de sensores del sistema del vehiculo
Luz Check Engine encendida con codigo de falla P0100: B2502,Falla de sensores del sistema del vehiculo
Luz Check Engine encendida con codigo de falla P0100: B2503,Falla de sensores del sistema del vehiculo
Luz Check Engine encendida con codigo de falla P0100: B2504,Falla de sensores del sistema del vehiculo
Luz Check Engine encendida con codigo de falla P0100: B2505,Falla de sensores del sistema del vehiculo
Luz Check Engine encendida con codigo de falla P0100: B2506,Falla de sensores del sistema del vehiculo
Luz Check Engine encendida con codigo de falla P0100: B2507,Falla de sensores del sistema del vehiculo
Luz Check Engine encendida con codigo de falla P0100: B2508,Falla de sensores del sistema del vehiculo
Luz Check Engine encendida con codigo de falla P0100: B2509,Falla de sensores del sistema del vehiculo
Luz Check Engine encendida con codigo de falla P0100: B2510,Falla de sensores del sistema del vehiculo
Luz Check Engine encendida con codigo de falla P0100: B2511,Falla de sensores del sistema del vehiculo
Luz Check Engine encendida con codigo de falla P0100: B2512,Falla de sensores del sistema del vehiculo
Luz Check Engine encendida con codigo de falla P0100: B2513,Falla de sensores del sistema del vehiculo
Luz Check Engine encendida con codigo de falla P0100: B2514,Falla de sensores del sistema del vehiculo
Luz Check Engine encendida con codigo de falla P0100: B2515,Falla de sensores del sistema del vehiculo
Luz Check Engine encendida con codigo de falla P0100: B2516,Falla de sensores del sistema del vehiculo
Luz Check Engine encendida con codigo de falla P0100: B2517,Falla de sensores del sistema del vehiculo
Luz Check Engine encendida con codigo de falla P0100: B2518,Falla de sensores del sistema del vehiculo
Luz Check Engine encendida con codigo de falla P0100: B2519,Falla de sensores del sistema del vehiculo
Luz Check Engine encendida con codigo de falla P0100: B2520,Falla de sensores del sistema del vehiculo
Luz Check Engine encendida con codigo de falla P0100: B2523,Falla de sensores del sistema del vehiculo
Luz Check Engine encendida con codigo de falla P0100: B2524,Falla de sensores del sistema del vehiculo
Luz Check Engine encendida con codigo de falla P0100: B2525,Falla de sensores del sistema del vehiculo
Luz Check Engine encendida con codigo de falla P0100: B2526,Falla de sensores del sistema del vehiculo
Luz Check Engine encendida con codigo de falla P0100: B2527,Falla de sensores del sistema del vehiculo
Luz Check Engine encendida con codigo de falla P0100: B2528,Falla de sensores del sistema del vehiculo
Luz Check Engine encendida con codigo de falla P0100: B2529,Falla de sensores del sistema del vehiculo
Luz Check Engine encendida con codigo de falla P0100: B2530,Falla de sensores del sistema del vehiculo
Luz Check Engine encendida con codigo de falla P0100: B2531,Falla de sensores del sistema del vehiculo
Luz Check Engine encendida con codigo de falla P0100: B2532,Falla de sensores del sistema del vehiculo
Luz Check Engine encendida con codigo de falla P0100: B2533,Falla de sensores del sistema del vehiculo
Luz Check Engine encendida con codigo de falla P0100: B2534,Falla de sensores del sistema del vehiculo
Luz Check Engine encendida con codigo de falla P0100: B2535,Falla de sensores del sistema del vehiculo
Luz Check Engine encendida con codigo de falla P0100: B2536,Falla de sensores del sistema del vehiculo
Luz Check Engine encendida con codigo de falla P0100: B2539,Falla de sensores del sistema del vehiculo
Luz Check Engine encendida con codigo de falla P0100: B2540,Falla de sensores del sistema del vehiculo
Luz Check Engine encendida con codigo de falla P0100: B2543,Falla de sensores del sistema del vehiculo
Luz Check Engine encendida con codigo de falla P0100: B2544,Falla de sensores del sistema del vehiculo
Luz Check Engine encendida con codigo de falla P0100: B2545,Falla de sensores del sistema del vehiculo
Luz Check Engine encendida con codigo de falla P0100: B2546,Falla de sensores del sistema del vehiculo
Luz Check Engine encendida con codigo de falla P0100: B2550,Falla de sensores del sistema del vehiculo
Luz Check Engine encendida con codigo de falla P0100: B2553,Falla de sensores del sistema del vehiculo
Luz Check Engine encendida con codigo de falla P0100: B2554,Falla de sensores del sistema del vehiculo
Luz Check Engine encendida con codigo de falla P0100: B2555,Falla de sensores del sistema del vehiculo
Luz Check Engine encendida con codigo de falla P0100: B2556,Falla de sensores del sistema del vehiculo
Luz Check Engine encendida con codigo de falla P0100: B2557,Falla de sensores del sistema del vehiculo
Luz Check Engine encendida con codigo de falla P0100: B2558,Falla de sensores del sistema del vehiculo
Luz Check Engine encendida con codigo de falla P0100: B2559,Falla de sensores del sistema del vehiculo
Luz Check Engine encendida con codigo de falla P0100: B2560,Falla de sensores del sistema del vehiculo
Luz Check Engine encendida con codigo de falla P0100: B2561,Falla de sensores del sistema del vehiculo
Luz Check Engine encendida con codigo de falla P0100: B2562,Falla de sensores del sistema del vehiculo
Luz Check Engine encendida con codigo de falla P0100: B2563,Falla de sensores del sistema del vehiculo
Luz Check Engine encendida con codigo de falla P0100: B2564,Falla de sensores del sistema del vehiculo
Luz Check Engine encendida con codigo de falla P0100: B2565,Falla de sensores del sistema del vehiculo
Luz Check Engine encendida con codigo de falla P0100: B2566,Falla de sensores del sistema del vehiculo
Luz Check Engine encendida con codigo de falla P0100: B2567,Falla de sensores del sistema del vehiculo
Luz Check Engine encendida con codigo de falla P0100: B2568,Falla de sensores del sistema del vehiculo
Luz Check Engine encendida con codigo de falla P0100: B2569,Falla de sensores del sistema del vehiculo
Luz Check Engine encendida con codigo de falla P0100: B2570,Falla de sensores del sistema del vehiculo
Luz Check Engine encendida con codigo de falla P0100: B2571,Falla de sensores del sistema del vehiculo
Luz Check Engine encendida con codigo de falla P0100: B2580,Falla de sensores del sistema del vehiculo
Luz Check Engine encendida con codigo de falla P0100: B2581,Falla de sensores del sistema del vehiculo
Luz Check Engine encendida con codigo de falla P0100: B2582,Falla de sensores del sistema del vehiculo
Luz Check Engine encendida con codigo de falla P0100: B2583,Falla de sensores del sistema del vehiculo
Luz Check Engine encendida con codigo de falla P0100: B2584,Falla de sensores del sistema del vehiculo
Luz Check Engine encendida con codigo de falla P0100: B2585,Falla de sensores del sistema del vehiculo
Luz Check Engine encendida con codigo de falla P0100: B2586,Falla de sensores del sistema del vehiculo
Luz Check Engine encendida con codigo de falla P0100: B2587,Falla de sensores del sistema del vehiculo
Luz Check Engine encendida con codigo de falla P0100: B2588,Falla de sensores del sistema del vehiculo
Luz Check Engine encendida con codigo de falla P0100: B2589,Falla de sensores del sistema del vehiculo
Luz Check Engine encendida con codigo de falla P0100: B2590,Falla de sensores del sistema del vehiculo
Luz Check Engine encendida con codigo de falla P0100: B2591,Falla de sensores del sistema del vehiculo
Luz Check Engine encendida con codigo de falla P0100: B2592,Falla de sensores del sistema del vehiculo
Luz Check Engine encendida con codigo de falla P0100: B2593,Falla de sensores del sistema del vehiculo
Luz Check Engine encendida con codigo de falla P0100: B2594,Falla de sensores del sistema del vehiculo
Luz Check Engine encendida con codigo de falla P0100: B2595,Falla de sensores del sistema del vehiculo
Luz Check Engine encendida con codigo de falla P0100: B2596,Falla de sensores del sistema del vehiculo
Luz Check Engine encendida con codigo de falla P0100: B2597,Falla de sensores del sistema del vehiculo
Luz Check Engine encendida con codigo de falla P0100: B2598,Falla de sensores del sistema del vehiculo
Luz Check Engine encendida con codigo de falla P0100: B2599,Falla de sensores del sistema del vehiculo
Luz Check Engine encendida con codigo de falla P0100: B2600,Falla de sensores del sistema del vehiculo
Luz Check Engine encendida con codigo de falla P0100: B2601,Falla de sensores del sistema del vehiculo
Luz Check Engine encendida con codigo de falla P0100: B2602,Falla de sensores del sistema del vehiculo
Luz Check Engine encendida con codigo de falla P0100: B2603,Falla de sensores del sistema del vehiculo
Luz Check Engine encendida con codigo de falla P0100: B2604,Falla de sensores del sistema del vehiculo
Luz Check Engine encendida con codigo de falla P0100: B2605,Falla de sensores del sistema del vehiculo
Luz Check Engine encendida con codigo de falla P0100: B2606,Falla de sensores del sistema del vehiculo
Luz Check Engine encendida con codigo de falla P0100: C1091,Falla de sensores del sistema del vehiculo
Luz Check Engine encendida con codigo de falla P0100: C1095,Falla de sensores del sistema del vehiculo
Luz Check Engine encendida con codigo de falla P0100: C1096,Falla de sensores del sistema del vehiculo
Luz Check Engine encendida con codigo de falla P0100: C1097,Falla de sensores del sistema del vehiculo
Luz Check Engine encendida con codigo de falla P0100: C1098,Falla de sensores del sistema del vehiculo
Luz Check Engine encendida con codigo de falla P0100: C1100,Falla de sensores del sistema del vehiculo
Luz Check Engine encendida con codigo de falla P0100: C1101,Falla de sensores del sistema del vehiculo
Luz Check Engine encendida con codigo de falla P0100: C1102,Falla de sensores del sistema del vehiculo
Luz Check Engine encendida con codigo de falla P0100: C1103,Falla de sensores del sistema del vehiculo
Luz Check Engine encendida con codigo de falla P0100: C1104,Falla de sensores del sistema del vehiculo
Luz Check Engine encendida con codigo de falla P0100: C1105,Falla de sensores del sistema del vehiculo
Luz Check Engine encendida con codigo de falla P0100: C1106,Falla de sensores del sistema del vehiculo
Luz Check Engine encendida con codigo de falla P0100: C1107,Falla de sensores del sistema del vehiculo
Luz Check Engine encendida con codigo de falla P0100: C1109,Falla de sensores del sistema del vehiculo
Luz Check Engine encendida con codigo de falla P0100: C1110,Falla de sensores del sistema del vehiculo
Luz Check Engine encendida con codigo de falla P0100: C1111,Falla de sensores del sistema del vehiculo
Luz Check Engine encendida con codigo de falla P0100: C1112,Falla de sensores del sistema del vehiculo
Luz Check Engine encendida con codigo de falla P0100: C1113,Falla de sensores del sistema del vehiculo
Luz Check Engine encendida con codigo de falla P0100: C1114,Falla de sensores del sistema del vehiculo
Luz Check Engine encendida con codigo de falla P0100: C1115,Falla de sensores del sistema del vehiculo
Luz Check Engine encendida con codigo de falla P0100: C1116,Falla de sensores del sistema del vehiculo
Luz Check Engine encendida con codigo de falla P0100: C1117,Falla de sensores del sistema del vehiculo
Luz Check Engine encendida con codigo de falla P0100: C1123,Falla de sensores del sistema del vehiculo
Luz Check Engine encendida con codigo de falla P0100: C1124,Falla de sensores del sistema del vehiculo
Luz Check Engine encendida con codigo de falla P0100: C1125,Falla de sensores del sistema del vehiculo
Luz Check Engine encendida con codigo de falla P0100: C1126,Falla de sensores del sistema del vehiculo
Luz Check Engine encendida con codigo de falla P0100: C1127,Falla de sensores del sistema del vehiculo
Luz Check Engine encendida con codigo de falla P0100: C1132,Falla de sensores del sistema del vehiculo
Luz Check Engine encendida con codigo de falla P0100: C1133,Falla de sensores del sistema del vehiculo
Luz Check Engine encendida con codigo de falla P0100: C1134,Falla de sensores del sistema del vehiculo
Luz Check Engine encendida con codigo de falla P0100: C1135,Falla de sensores del sistema del vehiculo
Luz Check Engine encendida con codigo de falla P0100: C1136,Falla de sensores del sistema del vehiculo
Luz Check Engine encendida con codigo de falla P0100: C1137,Falla de sensores del sistema del vehiculo
Luz Check Engine encendida con codigo de falla P0100: C1138,Falla de sensores del sistema del vehiculo
Luz Check Engine encendida con codigo de falla P0100: C1139,Falla de sensores del sistema del vehiculo
Luz Check Engine encendida con codigo de falla P0100: C1140,Falla de sensores del sistema del vehiculo
Luz Check Engine encendida con codigo de falla P0100: C1141,Falla de sensores del sistema del vehiculo
Luz Check Engine encendida con codigo de falla P0100: C1142,Falla de sensores del sistema del vehiculo
Luz Check Engine encendida con codigo de falla P0100: C1143,Falla de sensores del sistema del vehiculo
Luz Check Engine encendida con codigo de falla P0100: C1144,Falla de sensores del sistema del vehiculo
Luz Check Engine encendida con codigo de falla P0100: C1145,Falla de sensores del sistema del vehiculo
Luz Check Engine encendida con codigo de falla P0100: C1146,Falla de sensores del sistema del vehiculo
Luz Check Engine encendida con codigo de falla P0100: C1148,Falla de sensores del sistema del vehiculo
Luz Check Engine encendida con codigo de falla P0100: C1149,Falla de sensores del sistema del vehiculo
Luz Check Engine encendida con codigo de falla P0100: C1150,Falla de sensores del sistema del vehiculo
Luz Check Engine encendida con codigo de falla P0100: C1155,Falla de sensores del sistema del vehiculo
Luz Check Engine encendida con codigo de falla P0100: C1156,Falla de sensores del sistema del vehiculo
Luz Check Engine encendida con codigo de falla P0100: C1157,Falla de sensores del sistema del vehiculo
Luz Check Engine encendida con codigo de falla P0100: C1158,Falla de sensores del sistema del vehiculo
Luz Check Engine encendida con codigo de falla P0100: C1159,Falla de sensores del sistema del vehiculo
Luz Check Engine encendida con codigo de falla P0100: C1161,Falla de sensores del sistema del vehiculo
Luz Check Engine encendida con codigo de falla P0100: C1162,Falla de sensores del sistema del vehiculo
Luz Check Engine encendida con codigo de falla P0100: C1163,Falla de sensores del sistema del vehiculo
Luz Check Engine encendida con codigo de falla P0100: C1164,Falla de sensores del sistema del vehiculo
Luz Check Engine encendida con codigo de falla P0100: C1165,Falla de sensores del sistema del vehiculo
Luz Check Engine encendida con codigo de falla P0100: C1166,Falla de sensores del sistema del vehiculo
Luz Check Engine encendida con codigo de falla P0100: C1167,Falla de sensores del sistema del vehiculo
Luz Check Engine encendida con codigo de falla P0100: C1168,Falla de sensores del sistema del vehiculo
Luz Check Engine encendida con codigo de falla P0100: C1169,Falla de sensores del sistema del vehiculo
Luz Check Engine encendida con codigo de falla P0100: C1170,Falla de sensores del sistema del vehiculo
Luz Check Engine encendida con codigo de falla P0100: C1172,Falla de sensores del sistema del vehiculo
Luz Check Engine encendida con codigo de falla P0100: C1173,Falla de sensores del sistema del vehiculo
Luz Check Engine encendida con codigo de falla P0100: C1174,Falla de sensores del sistema del vehiculo
Luz Check Engine encendida con codigo de falla P0100: C1175,Falla de sensores del sistema del vehiculo
Luz Check Engine encendida con codigo de falla P0100: C1176,Falla de sensores del sistema del vehiculo
Luz Check Engine encendida con codigo de falla P0100: C1177,Falla de sensores del sistema del vehiculo
Luz Check Engine encendida con codigo de falla P0100: C1178,Falla de sensores del sistema del vehiculo
Luz Check Engine encendida con codigo de falla P0100: C1179,Falla de sensores del sistema del vehiculo
Luz Check Engine encendida con codigo de falla P0100: C1180,Falla de sensores del sistema del vehiculo
Luz Check Engine encendida con codigo de falla P0100: C1181,Falla de sensores del sistema del vehiculo
Luz Check Engine encendida con codigo de falla P0100: C1182,Falla de sensores del sistema del vehiculo
Luz Check Engine encendida con codigo de falla P0100: C1183,Falla de sensores del sistema del vehiculo
Luz Check Engine encendida con codigo de falla P0100: C1184,Falla de sensores del sistema del vehiculo
Luz Check Engine encendida con codigo de falla P0100: C1185,Falla de sensores del sistema del vehiculo
Luz Check Engine encendida con codigo de falla P0100: C1186,Falla de sensores del sistema del vehiculo
Luz Check Engine encendida con codigo de falla P0100: C1187,Falla de sensores del sistema del vehiculo
Luz Check Engine encendida con codigo de falla P0100: C1188,Falla de sensores del sistema del vehiculo
Luz Check Engine encendida con codigo de falla P0100: C1189,Falla de sensores del sistema del vehiculo
Luz Check Engine encendida con codigo de falla P0100: C1190,Falla de sensores del sistema del vehiculo
Luz Check Engine encendida con codigo de falla P0100: C1191,Falla de sensores del sistema del vehiculo
Luz Check Engine encendida con codigo de falla P0100: C1192,Falla de sensores del sistema del vehiculo
Luz Check Engine encendida con codigo de falla P0100: C1193,Falla de sensores del sistema del vehiculo
Luz Check Engine encendida con codigo de falla P0100: C1194,Falla de sensores del sistema del vehiculo
Luz Check Engine encendida con codigo de falla P0100: C1195,Falla de sensores del sistema del vehiculo
Luz Check Engine encendida con codigo de falla P0100: C1196,Falla de sensores del sistema del vehiculo
Luz Check Engine encendida con codigo de falla P0100: C1197,Falla de sensores del sistema del vehiculo
Luz Check Engine encendida con codigo de falla P0100: C1198,Falla de sensores del sistema del vehiculo
Luz Check Engine encendida con codigo de falla P0100: C1199,Falla de sensores del sistema del vehiculo
Luz Check Engine encendida con codigo de falla P0100: C1200,Falla de sensores del sistema del vehiculo
Luz Check Engine encendida con codigo de falla P0100: C1201,Falla de sensores del sistema del vehiculo
Luz Check Engine encendida con codigo de falla P0100: C1202,Falla de sensores del sistema del vehiculo
Luz Check Engine encendida con codigo de falla P0100: C1203,Falla de sensores del sistema del vehiculo
Luz Check Engine encendida con codigo de falla P0100: C1204,Falla de sensores del sistema del vehiculo
Luz Check Engine encendida con codigo de falla P0100: C1205,Falla de sensores del sistema del vehiculo
Luz Check Engine encendida con codigo de falla P0100: C1206,Falla de sensores del sistema del vehiculo
Luz Check Engine encendida con codigo de falla P0100: C1207,Falla de sensores del sistema del vehiculo
Luz Check Engine encendida con codigo de falla P0100: C1208,Falla de sensores del sistema del vehiculo
Luz Check Engine encendida con codigo de falla P0100: C1209,Falla de sensores del sistema del vehiculo
Luz Check Engine encendida con codigo de falla P0100: C1210,Falla de sensores del sistema del vehiculo
Luz Check Engine encendida con codigo de falla P0100: C1211,Falla de sensores del sistema del vehiculo
Luz Check Engine encendida con codigo de falla P0100: C1212,Falla de sensores del sistema del vehiculo
Luz Check Engine encendida con codigo de falla P0100: C1213,Falla de sensores del sistema del vehiculo
Luz Check Engine encendida con codigo de falla P0100: C1214,Falla de sensores del sistema del vehiculo
Luz Check Engine encendida con codigo de falla P0100: C1215,Falla de sensores del sistema del vehiculo
Luz Check Engine encendida con codigo de falla P0100: C1216,Falla de sensores del sistema del vehiculo
Luz Check Engine encendida con codigo de falla P0100: C1217,Falla de sensores del sistema del vehiculo
Luz Check Engine encendida con codigo de falla P0100: C1218,Falla de sensores del sistema del vehiculo
Luz Check Engine encendida con codigo de falla P0100: C1219,Falla de sensores del sistema del vehiculo
Luz Check Engine encendida con codigo de falla P0100: C1220,Falla de sensores del sistema del vehiculo
Luz Check Engine encendida con codigo de falla P0100: C1221,Falla de sensores del sistema del vehiculo
Luz Check Engine encendida con codigo de falla P0100: C1222,Falla de sensores del sistema del vehiculo
Luz Check Engine encendida con codigo de falla P0100: C1223,Falla de sensores del sistema del vehiculo
Luz Check Engine encendida con codigo de falla P0100: C1224,Falla de sensores del sistema del vehiculo
Luz Check Engine encendida con codigo de falla P0100: C1225,Falla de sensores del sistema del vehiculo
Luz Check Engine encendida con codigo de falla P0100: C1226,Falla de sensores del sistema del vehiculo
Luz Check Engine encendida con codigo de falla P0100: C1227,Falla de sensores del sistema del vehiculo
Luz Check Engine encendida con codigo de falla P0100: C1228,Falla de sensores del sistema del vehiculo
Luz Check Engine encendida con codigo de falla P0100: C1229,Falla de sensores del sistema del vehiculo
Luz Check Engine encendida con codigo de falla P0100: C1230,Falla de sensores del sistema del vehiculo
Luz Check Engine encendida con codigo de falla P0100: C1231,Falla de sensores del sistema del vehiculo
Luz Check Engine encendida con codigo de falla P0100: C1232,Falla de sensores del sistema del vehiculo
Luz Check Engine encendida con codigo de falla P0100: C1233,Falla de sensores del sistema del vehiculo
Luz Check Engine encendida con codigo de falla P0100: C1234,Falla de sensores del sistema del vehiculo
Luz Check Engine encendida con codigo de falla P0100: C1235,Falla de sensores del sistema del vehiculo
Luz Check Engine encendida con codigo de falla P0100: C1236,Falla de sensores del sistema del vehiculo
Luz Check Engine encendida con codigo de falla P0100: C1237,Falla de sensores del sistema del vehiculo
Luz Check Engine encendida con codigo de falla P0100: C1238,Falla de sensores del sistema del vehiculo
Luz Check Engine encendida con codigo de falla P0100: C1239,Falla de sensores del sistema del vehiculo
Luz Check Engine encendida con codigo de falla P0100: C1240,Falla de sensores del sistema del vehiculo
Luz Check Engine encendida con codigo de falla P0100: C1241,Falla de sensores del sistema del vehiculo
Luz Check Engine encendida con codigo de falla P0100: C1242,Falla de sensores del sistema del vehiculo
Luz Check Engine encendida con codigo de falla P0100: C1243,Falla de sensores del sistema del vehiculo
Luz Check Engine encendida con codigo de falla P0100: C1244,Falla de sensores del sistema del vehiculo
Luz Check Engine encendida con codigo de falla P0100: C1245,Falla de sensores del sistema del vehiculo
Luz Check Engine encendida con codigo de falla P0100: C1246,Falla de sensores del sistema del vehiculo
Luz Check Engine encendida con codigo de falla P0100: C1247,Falla de sensores del sistema del vehiculo
Luz Check Engine encendida con codigo de falla P0100: C1248,Falla de sensores del sistema del vehiculo
Luz Check Engine encendida con codigo de falla P0100: C1249,Falla de sensores del sistema del vehiculo
Luz Check Engine encendida con codigo de falla P0100: C1250,Falla de sensores del sistema del vehiculo
Luz Check Engine encendida con codigo de falla P0100: C1251,Falla de sensores del sistema del vehiculo
Luz Check Engine encendida con codigo de falla P0100: C1252,Falla de sensores del sistema del vehiculo
Luz Check Engine encendida con codigo de falla P0100: C1253,Falla de sensores del sistema del vehiculo
Luz Check Engine encendida con codigo de falla P0100: C1254,Falla de sensores del sistema del vehiculo
Luz Check Engine encendida con codigo de falla P0100: C1255,Falla de sensores del sistema del vehiculo
Luz Check Engine encendida con codigo de falla P0100: C1256,Falla de sensores del sistema del vehiculo
Luz Check Engine encendida con codigo de falla P0100: C1257,Falla de sensores del sistema del vehiculo
Luz Check Engine encendida con codigo de falla P0100: C1258,Falla de sensores del sistema del vehiculo
Luz Check Engine encendida con codigo de falla P0100: C1259,Falla de sensores del sistema del vehiculo
Luz Check Engine encendida con codigo de falla P0100: C1260,Falla de sensores del sistema del vehiculo
Luz Check Engine encendida con codigo de falla P0100: C1261,Falla de sensores del sistema del vehiculo
Luz Check Engine encendida con codigo de falla P0100: C1262,Falla de sensores del sistema del vehiculo
Luz Check Engine encendida con codigo de falla P0100: C1263,Falla de sensores del sistema del vehiculo
Luz Check Engine encendida con codigo de falla P0100: C1264,Falla de sensores del sistema del vehiculo
Luz Check Engine encendida con codigo de falla P0100: C1265,Falla de sensores del sistema del vehiculo
Luz Check Engine encendida con codigo de falla P0100: C1266,Falla de sensores del sistema del vehiculo
Luz Check Engine encendida con codigo de falla P0100: C1267,Falla de sensores del sistema del vehiculo
Luz Check Engine encendida con codigo de falla P0100: C1268,Falla de sensores del sistema del vehiculo
Luz Check Engine encendida con codigo de falla P0100: C1269,Falla de sensores del sistema del vehiculo
Luz Check Engine encendida con codigo de falla P0100: C1270,Falla de sensores del sistema del vehiculo
Luz Check Engine encendida con codigo de falla P0100: C1271,Falla de sensores del sistema del vehiculo
Luz Check Engine encendida con codigo de falla P0100: C1272,Falla de sensores del sistema del vehiculo
Luz Check Engine encendida con codigo de falla P0100: C1273,Falla de sensores del sistema del vehiculo
Luz Check Engine encendida con codigo de falla P0100: C1274,Falla de sensores del sistema del vehiculo
Luz Check Engine encendida con codigo de falla P0100: C1275,Falla de sensores del sistema del vehiculo
Luz Check Engine encendida con codigo de falla P0100: C1276,Falla de sensores del sistema del vehiculo
Luz Check Engine encendida con codigo de falla P0100: C1277,Falla de sensores del sistema del vehiculo
Luz Check Engine encendida con codigo de falla P0100: C1278,Falla de sensores del sistema del vehiculo
Luz Check Engine encendida con codigo de falla P0100: C1279,Falla de sensores del sistema del vehiculo
Luz Check Engine encendida con codigo de falla P0100: C1280,Falla de sensores del sistema del vehiculo
Luz Check Engine encendida con codigo de falla P0100: C1281,Falla de sensores del sistema del vehiculo
Luz Check Engine encendida con codigo de falla P0100: C1282,Falla de sensores del sistema del vehiculo
Luz Check Engine encendida con codigo de falla P0100: C1283,Falla de sensores del sistema del vehiculo
Luz Check Engine encendida con codigo de falla P0100: C1284,Falla de sensores del sistema del vehiculo
Luz Check Engine encendida con codigo de falla P0100: C1285,Falla de sensores del sistema del vehiculo
Luz Check Engine encendida con codigo de falla P0100: C1286,Falla de sensores del sistema del vehiculo
Luz Check Engine encendida con codigo de falla P0100: C1287,Falla de sensores del sistema del vehiculo
Luz Check Engine encendida con codigo de falla P0100: C1288,Falla de sensores del sistema del vehiculo
Luz Check Engine encendida con codigo de falla P0100: C1289,Falla de sensores del sistema del vehiculo
Luz Check Engine encendida con codigo de falla P0100: C1400,Falla de sensores del sistema del vehiculo
Luz Check Engine encendida con codigo de falla P0100: C1401,Falla de sensores del sistema del vehiculo
Luz Check Engine encendida con codigo de falla P0100: C1402,Falla de sensores del sistema del vehiculo
Luz Check Engine encendida con codigo de falla P0100: C1403,Falla de sensores del sistema del vehiculo
Luz Check Engine encendida con codigo de falla P0100: C1404,Falla de sensores del sistema del vehiculo
Luz Check Engine encendida con codigo de falla P0100: C1405,Falla de sensores del sistema del vehiculo
Luz Check Engine encendida con codigo de falla P0100: C1406,Falla de sensores del sistema del vehiculo
Luz Check Engine encendida con codigo de falla P0100: C1407,Falla de sensores del sistema del vehiculo
Luz Check Engine encendida con codigo de falla P0100: C1410,Falla de sensores del sistema del vehiculo
Luz Check Engine encendida con codigo de falla P0100: C1411,Falla de sensores del sistema del vehiculo
Luz Check Engine encendida con codigo de falla P0100: C1412,Falla de sensores del sistema del vehiculo
Luz Check Engine encendida con codigo de falla P0100: C1413,Falla de sensores del sistema del vehiculo
Luz Check Engine encendida con codigo de falla P0100: C1414,Falla de sensores del sistema del vehiculo
Luz Check Engine encendida con codigo de falla P0100: C1415,Falla de sensores del sistema del vehiculo
Luz Check Engine encendida con codigo de falla P0100: C1416,Falla de sensores del sistema del vehiculo
Luz Check Engine encendida con codigo de falla P0100: C1417,Falla de sensores del sistema del vehiculo
Luz Check Engine encendida con codigo de falla P0100: C1418,Falla de sensores del sistema del vehiculo
Luz Check Engine encendida con codigo de falla P0100: C1419,Falla de sensores del sistema del vehiculo
Luz Check Engine encendida con codigo de falla P0100: C1420,Falla de sensores del sistema del vehiculo
Luz Check Engine encendida con codigo de falla P0100: C1421,Falla de sensores del sistema del vehiculo
Luz Check Engine encendida con codigo de falla P0100: C1422,Falla de sensores del sistema del vehiculo
Luz Check Engine encendida con codigo de falla P0100: C1423,Falla de sensores del sistema del vehiculo
Luz Check Engine encendida con codigo de falla P0100: C1424,Falla de sensores del sistema del vehiculo
Luz Check Engine encendida con codigo de falla P0100: C1425,Falla de sensores del sistema del vehiculo
Luz Check Engine encendida con codigo de falla P0100: C1426,Falla de sensores del sistema del vehiculo
Luz Check Engine encendida con codigo de falla P0100: C1427,Falla de sensores del sistema del vehiculo
Luz Check Engine encendida con codigo de falla P0100: C1428,Falla de sensores del sistema del vehiculo
Luz Check Engine encendida con codigo de falla P0100: C1429,Falla de sensores del sistema del vehiculo
Luz Check Engine encendida con codigo de falla P0100: C1430,Falla de sensores del sistema del vehiculo
Luz Check Engine encendida con codigo de falla P0100: C1431,Falla de sensores del sistema del vehiculo
Luz Check Engine encendida con codigo de falla P0100: C1432,Falla de sensores del sistema del vehiculo
Luz Check Engine encendida con codigo de falla P0100: C1433,Falla de sensores del sistema del vehiculo
Luz Check Engine encendida con codigo de falla P0100: C1435,Falla de sensores del sistema del vehiculo
Luz Check Engine encendida con codigo de falla P0100: C1436,Falla de sensores del sistema del vehiculo
Luz Check Engine encendida con codigo de falla P0100: C1437,Falla de sensores del sistema del vehiculo
Luz Check Engine encendida con codigo de falla P0100: C1438,Falla de sensores del sistema del vehiculo
Luz Check Engine encendida con codigo de falla P0100: C1439,Falla de sensores del sistema del vehiculo
Luz Check Engine encendida con codigo de falla P0100: C1440,Falla de sensores del sistema del vehiculo
Luz Check Engine encendida con codigo de falla P0100: C1441,Falla de sensores del sistema del vehiculo
Luz Check Engine encendida con codigo de falla P0100: C1442,Falla de sensores del sistema del vehiculo
Luz Check Engine encendida con codigo de falla P0100: C1443,Falla de sensores del sistema del vehiculo
Luz Check Engine encendida con codigo de falla P0100: C1444,Falla de sensores del sistema del vehiculo
Luz Check Engine encendida con codigo de falla P0100: C1445,Falla de sensores del sistema del vehiculo
Luz Check Engine encendida con codigo de falla P0100: C1446,Falla de sensores del sistema del vehiculo
Luz Check Engine encendida con codigo de falla P0100: C1447,Falla de sensores del sistema del vehiculo
Luz Check Engine encendida con codigo de falla P0100: C1448,Falla de sensores del sistema del vehiculo
Luz Check Engine encendida con codigo de falla P0100: C1449,Falla de sensores del sistema del vehiculo
Luz Check Engine encendida con codigo de falla P0100: C1450,Falla de sensores del sistema del vehiculo
Luz Check Engine encendida con codigo de falla P0100: C1451,Falla de sensores del sistema del vehiculo
Luz Check Engine encendida con codigo de falla P0100: C1452,Falla de sensores del sistema del vehiculo
Luz Check Engine encendida con codigo de falla P0100: C1453,Falla de sensores del sistema del vehiculo
Luz Check Engine encendida con codigo de falla P0100: C1454,Falla de sensores del sistema del vehiculo
Luz Check Engine encendida con codigo de falla P0100: C1455,Falla de sensores del sistema del vehiculo
Luz Check Engine encendida con codigo de falla P0100: C1456,Falla de sensores del sistema del vehiculo
Luz Check Engine encendida con codigo de falla P0100: C1457,Falla de sensores del sistema del vehiculo
Luz Check Engine encendida con codigo de falla P0100: C1458,Falla de sensores del sistema del vehiculo
Luz Check Engine encendida con codigo de falla P0100: C1459,Falla de sensores del sistema del vehiculo
Luz Check Engine encendida con codigo de falla P0100: C1460,Falla de sensores del sistema del vehiculo
Luz Check Engine encendida con codigo de falla P0100: C1461,Falla de sensores del sistema del vehiculo
Luz Check Engine encendida con codigo de falla P0100: C1462,Falla de sensores del sistema del vehiculo
Luz Check Engine encendida con codigo de falla P0100: C1463,Falla de sensores del sistema del vehiculo
Luz Check Engine encendida con codigo de falla P0100: C1464,Falla de sensores del sistema del vehiculo
Luz Check Engine encendida con codigo de falla P0100: C1465,Falla de sensores del sistema del vehiculo
Luz Check Engine encendida con codigo de falla P0100: C1466,Falla de sensores del sistema del vehiculo
Luz Check Engine encendida con codigo de falla P0100: C1467,Falla de sensores del sistema del vehiculo
Luz Check Engine encendida con codigo de falla P0100: C1468,Falla de sensores del sistema del vehiculo
Luz Check Engine encendida con codigo de falla P0100: C1469,Falla de sensores del sistema del vehiculo
Luz Check Engine encendida con codigo de falla P0100: C1495,Falla de sensores del sistema del vehiculo
Luz Check Engine encendida con codigo de falla P0100: C1496,Falla de sensores del sistema del vehiculo
Luz Check Engine encendida con codigo de falla P0100: C1497,Falla de sensores del sistema del vehiculo
Luz Check Engine encendida con codigo de falla P0100: C1498,Falla de sensores del sistema del vehiculo
Luz Check Engine encendida con codigo de falla P0100: C1499,Falla de sensores del sistema del vehiculo
Luz Check Engine encendida con codigo de falla P0100: C1500,Falla de sensores del sistema del vehiculo
Luz Check Engine encendida con codigo de falla P0100: C1501,Falla de sensores del sistema del vehiculo
Luz Check Engine encendida con codigo de falla P0100: C1502,Falla de sensores del sistema del vehiculo
Luz Check Engine encendida con codigo de falla P0100: C1503,Falla de sensores del sistema del vehiculo
Luz Check Engine encendida con codigo de falla P0100: C1504,Falla de sensores del sistema del vehiculo
Luz Check Engine encendida con codigo de falla P0100: C1505,Falla de sensores del sistema del vehiculo
Luz Check Engine encendida con codigo de falla P0100: C1506,Falla de sensores del sistema del vehiculo
Luz Check Engine encendida con codigo de falla P0100: C1507,Falla de sensores del sistema del vehiculo
Luz Check Engine encendida con codigo de falla P0100: C1508,Falla de sensores del sistema del vehiculo
Luz Check Engine encendida con codigo de falla P0100: C1510,Falla de sensores del sistema del vehiculo
Luz Check Engine encendida con codigo de falla P0100: C1511,Falla de sensores del sistema del vehiculo
Luz Check Engine encendida con codigo de falla P0100: C1512,Falla de sensores del sistema del vehiculo
Luz Check Engine encendida con codigo de falla P0100: C1513,Falla de sensores del sistema del vehiculo
Luz Check Engine encendida con codigo de falla P0100: C1699,Falla de sensores del sistema del vehiculo
Luz Check Engine encendida con codigo de falla P0100: C1700,Falla de sensores del sistema del vehiculo
Luz Check Engine encendida con codigo de falla P0100: C1701,Falla de sensores del sistema del vehiculo
Luz Check Engine encendida con codigo de falla P0100: C1702,Falla de sensores del sistema del vehiculo
Luz Check Engine encendida con codigo de falla P0100: C1703,Falla de sensores del sistema del vehiculo
Luz Check Engine encendida con codigo de falla P0100: C1704,Falla de sensores del sistema del vehiculo
Luz Check Engine encendida con codigo de falla P0100: C1705,Falla de sensores del sistema del vehiculo
Luz Check Engine encendida con codigo de falla P0100: C1706,Falla de sensores del sistema del vehiculo
Luz Check Engine encendida con codigo de falla P0100: C1707,Falla de sensores del sistema del vehiculo
Luz Check Engine encendida con codigo de falla P0100: C1708,Falla de sensores del sistema del vehiculo
Luz Check Engine encendida con codigo de falla P0100: C1709,Falla de sensores del sistema del vehiculo
Luz Check Engine encendida con codigo de falla P0100: C1710,Falla de sensores del sistema del vehiculo
Luz Check Engine encendida con codigo de falla P0100: C1711,Falla de sensores del sistema del vehiculo
Luz Check Engine encendida con codigo de falla P0100: C1712,Falla de sensores del sistema del vehiculo
Luz Check Engine encendida con codigo de falla P0100: C1713,Falla de sensores del sistema del vehiculo
Luz Check Engine encendida con codigo de falla P0100: C1714,Falla de sensores del sistema del vehiculo
Luz Check Engine encendida con codigo de falla P0100: C1715,Falla de sensores del sistema del vehiculo
Luz Check Engine encendida con codigo de falla P0100: C1716,Falla de sensores del sistema del vehiculo
Luz Check Engine encendida con codigo de falla P0100: C1717,Falla de sensores del sistema del vehiculo
Luz Check Engine encendida con codigo de falla P0100: C1718,Falla de sensores del sistema del vehiculo
Luz Check Engine encendida con codigo de falla P0100: C1719,Falla de sensores del sistema del vehiculo
Luz Check Engine encendida con codigo de falla P0100: C1721,Falla de sensores del sistema del vehiculo
Luz Check Engine encendida con codigo de falla P0100: C1722,Falla de sensores del sistema del vehiculo
Luz Check Engine encendida con codigo de falla P0100: C1723,Falla de sensores del sistema del vehiculo
Luz Check Engine encendida con codigo de falla P0100: C1724,Falla de sensores del sistema del vehiculo
Luz Check Engine encendida con codigo de falla P0100: C1725,Falla de sensores del sistema del vehiculo
Luz Check Engine encendida con codigo de falla P0100: C1726,Falla de sensores del sistema del vehiculo
Luz Check Engine encendida con codigo de falla P0100: C1727,Falla de sensores del sistema del vehiculo
Luz Check Engine encendida con codigo de falla P0100: C1728,Falla de sensores del sistema del vehiculo
Luz Check Engine encendida con codigo de falla P0100: C1729,Falla de sensores del sistema del vehiculo
Luz Check Engine encendida con codigo de falla P0100: C1730,Falla de sensores del sistema del vehiculo
Luz Check Engine encendida con codigo de falla P0100: C1731,Falla de sensores del sistema del vehiculo
Luz Check Engine encendida con codigo de falla P0100: C1732,Falla de sensores del sistema del vehiculo
Luz Check Engine encendida con codigo de falla P0100: C1733,Falla de sensores del sistema del vehiculo
Luz Check Engine encendida con codigo de falla P0100: C1734,Falla de sensores del sistema del vehiculo
Luz Check Engine encendida con codigo de falla P0100: C1735,Falla de sensores del sistema del vehiculo
Luz Check Engine encendida con codigo de falla P0100: C1736,Falla de sensores del sistema del vehiculo
Luz Check Engine encendida con codigo de falla P0100: C1737,Falla de sensores del sistema del vehiculo
Luz Check Engine encendida con codigo de falla P0100: C1738,Falla de sensores del sistema del vehiculo
Luz Check Engine encendida con codigo de falla P0100: C1739,Falla de sensores del sistema del vehiculo
Luz Check Engine encendida con codigo de falla P0100: C1740,Falla de sensores del sistema del vehiculo
Luz Check Engine encendida con codigo de falla P0100: C1741,Falla de sensores del sistema del vehiculo
Luz Check Engine encendida con codigo de falla P0100: C1742,Falla de sensores del sistema del vehiculo
Luz Check Engine encendida con codigo de falla P0100: C1743,Falla de sensores del sistema del vehiculo
Luz Check Engine encendida con codigo de falla P0100: C1744,Falla de sensores del sistema del vehiculo
Luz Check Engine encendida con codigo de falla P0100: C1745,Falla de sensores del sistema del vehiculo
Luz Check Engine encendida con codigo de falla P0100: C1748,Falla de sensores del sistema del vehiculo
Luz Check Engine encendida con codigo de falla P0100: C1749,Falla de sensores del sistema del vehiculo
Luz Check Engine encendida con codigo de falla P0100: C1750,Falla de sensores del sistema del vehiculo
Luz Check Engine encendida con codigo de falla P0100: C1751,Falla de sensores del sistema del vehiculo
Luz Check Engine encendida con codigo de falla P0100: C1752,Falla de sensores del sistema del vehiculo
Luz Check Engine encendida con codigo de falla P0100: C1753,Falla de sensores del sistema del vehiculo
Luz Check Engine encendida con codigo de falla P0100: C1754,Falla de sensores del sistema del vehiculo
Luz Check Engine encendida con codigo de falla P0100: C1755,Falla de sensores del sistema del vehiculo
Luz Check Engine encendida con codigo de falla P0100: C1756,Falla de sensores del sistema del vehiculo
Luz Check Engine encendida con codigo de falla P0100: C1757,Falla de sensores del sistema del vehiculo
Luz Check Engine encendida con codigo de falla P0100: C1758,Falla de sensores del sistema del vehiculo
Luz Check Engine encendida con codigo de falla P0100: C1759,Falla de sensores del sistema del vehiculo
Luz Check Engine encendida con codigo de falla P0100: C1760,Falla de sensores del sistema del vehiculo
Luz Check Engine encendida con codigo de falla P0100: C1761,Falla de sensores del sistema del vehiculo
Luz Check Engine encendida con codigo de falla P0100: C1762,Falla de sensores del sistema del vehiculo
Luz Check Engine encendida con codigo de falla P0100: C1763,Falla de sensores del sistema del vehiculo
Luz Check Engine encendida con codigo de falla P0100: C1765,Falla de sensores del sistema del vehiculo
Luz Check Engine encendida con codigo de falla P0100: C1766,Falla de sensores del sistema del vehiculo
Luz Check Engine encendida con codigo de falla P0100: C1767,Falla de sensores del sistema del vehiculo
Luz Check Engine encendida con codigo de falla P0100: C1768,Falla de sensores del sistema del vehiculo
Luz Check Engine encendida con codigo de falla P0100: C1770,Falla de sensores del sistema del vehiculo
Luz Check Engine encendida con codigo de falla P0100: C1771,Falla de sensores del sistema del vehiculo
Luz Check Engine encendida con codigo de falla P0100: C1772,Falla de sensores del sistema del vehiculo
Luz Check Engine encendida con codigo de falla P0100: C1773,Falla de sensores del sistema del vehiculo
Luz Check Engine encendida con codigo de falla P0100: C1774,Falla de sensores del sistema del vehiculo
Luz Check Engine encendida con codigo de falla P0100: C1775,Falla de sensores del sistema del vehiculo
Luz Check Engine encendida con codigo de falla P0100: C1776,Falla de sensores del sistema del vehiculo
Luz Check Engine encendida con codigo de falla P0100: C1777,Falla de sensores del sistema del vehiculo
Luz Check Engine encendida con codigo de falla P0100: C1778,Falla de sensores del sistema del vehiculo
Luz Check Engine encendida con codigo de falla P0100: C1779,Falla de sensores del sistema del vehiculo
Luz Check Engine encendida con codigo de falla P0100: C1780,Falla de sensores del sistema del vehiculo
Luz Check Engine encendida con codigo de falla P0100: C1781,Falla de sensores del sistema del vehiculo
Luz Check Engine encendida con codigo de falla P0100: C1790,Falla de sensores del sistema del vehiculo
Luz Check Engine encendida con codigo de falla P0100: C1791,Falla de sensores del sistema del vehiculo
Luz Check Engine encendida con codigo de falla P0100: C1792,Falla de sensores del sistema del vehiculo
Luz Check Engine encendida con codigo de falla P0100: C1793,Falla de sensores del sistema del vehiculo
Luz Check Engine encendida con codigo de falla P0100: C1795,Falla de sensores del sistema del vehiculo
Luz Check Engine encendida con codigo de falla P0100: C1796,Falla de sensores del sistema del vehiculo
Luz Check Engine encendida con codigo de falla P0100: C1797,Falla de sensores del sistema del vehiculo
Luz Check Engine encendida con codigo de falla P0100: C1798,Falla de sensores del sistema del vehiculo
Luz Check Engine encendida con codigo de falla P0100: C1800,Falla de sensores del sistema del vehiculo
Luz Check Engine encendida con codigo de falla P0100: C1805,Falla de sensores del sistema del vehiculo
Luz Check Engine encendida con codigo de falla P0100: C1813,Falla de sensores del sistema del vehiculo
Luz Check Engine encendida con codigo de falla P0100: C1814,Falla de sensores del sistema del vehiculo
Luz Check Engine encendida con codigo de falla P0100: C1818,Falla de sensores del sistema del vehiculo
Luz Check Engine encendida con codigo de falla P0100: C1819,Falla de sensores del sistema del vehiculo
Luz Check Engine encendida con codigo de falla P0100: C1820,Falla de sensores del sistema del vehiculo
Luz Check Engine encendida con codigo de falla P0100: C1830,Falla de sensores del sistema del vehiculo
Luz Check Engine encendida con codigo de falla P0100: C1831,Falla de sensores del sistema del vehiculo
Luz Check Engine encendida con codigo de falla P0100: C1832,Falla de sensores del sistema del vehiculo
Luz Check Engine encendida con codigo de falla P0100: C1833,Falla de sensores del sistema del vehiculo
Luz Check Engine encendida con codigo de falla P0100: C1834,Falla de sensores del sistema del vehiculo
Luz Check Engine encendida con codigo de falla P0100: C1835,Falla de sensores del sistema del vehiculo
Luz Check Engine encendida con codigo de falla P0100: C1836,Falla de sensores del sistema del vehiculo
Luz Check Engine encendida con codigo de falla P0100: C1837,Falla de sensores del sistema del vehiculo
Luz Check Engine encendida con codigo de falla P0100: C1838,Falla de sensores del sistema del vehiculo
Luz Check Engine encendida con codigo de falla P0100: C1839,Falla de sensores del sistema del vehiculo
Luz Check Engine encendida con codigo de falla P0100: C1840,Falla de sensores del sistema del vehiculo
Luz Check Engine encendida con codigo de falla P0100: C1841,Falla de sensores del sistema del vehiculo
Luz Check Engine encendida con codigo de falla P0100: C1842,Falla de sensores del sistema del vehiculo
Luz Check Engine encendida con codigo de falla P0100: C1843,Falla de sensores del sistema del vehiculo
Luz Check Engine encendida con codigo de falla P0100: C1844,Falla de sensores del sistema del vehiculo
Luz Check Engine encendida con codigo de falla P0100: C1845,Falla de sensores del sistema del vehiculo
Luz Check Engine encendida con codigo de falla P0100: C1846,Falla de sensores del sistema del vehiculo
Luz Check Engine encendida con codigo de falla P0100: C1847,Falla de sensores del sistema del vehiculo
Luz Check Engine encendida con codigo de falla P0100: C1848,Falla de sensores del sistema del vehiculo
Luz Check Engine encendida con codigo de falla P0100: C1849,Falla de sensores del sistema del vehiculo
Luz Check Engine encendida con codigo de falla P0100: C1850,Falla de sensores del sistema del vehiculo
Luz Check Engine encendida con codigo de falla P0100: C1851,Falla de sensores del sistema del vehiculo
Luz Check Engine encendida con codigo de falla P0100: C1852,Falla de sensores del sistema del vehiculo
Luz Check Engine encendida con codigo de falla P0100: C1853,Falla de sensores del sistema del vehiculo
Luz Check Engine encendida con codigo de falla P0100: C1854,Falla de sensores del sistema del vehiculo
Luz Check Engine encendida con codigo de falla P0100: C1855,Falla de sensores del sistema del vehiculo
Luz Check Engine encendida con codigo de falla P0100: C1856,Falla de sensores del sistema del vehiculo
Luz Check Engine encendida con codigo de falla P0100: C1859,Falla de sensores del sistema del vehiculo
Luz Check Engine encendida con codigo de falla P0100: C1860,Falla de sensores del sistema del vehiculo
Luz Check Engine encendida con codigo de falla P0100: C1861,Falla de sensores del sistema del vehiculo
Luz Check Engine encendida con codigo de falla P0100: C1862,Falla de sensores del sistema del vehiculo
Luz Check Engine encendida con codigo de falla P0100: C1863,Falla de sensores del sistema del vehiculo
Luz Check Engine encendida con codigo de falla P0100: C1864,Falla de sensores del sistema del vehiculo
Luz Check Engine encendida con codigo de falla P0100: C1865,Falla de sensores del sistema del vehiculo
Luz Check Engine encendida con codigo de falla P0100: C1866,Falla de sensores del sistema del vehiculo
Luz Check Engine encendida con codigo de falla P0100: C1867,Falla de sensores del sistema del vehiculo
Luz Check Engine encendida con codigo de falla P0100: C1868,Falla de sensores del sistema del vehiculo
Luz Check Engine encendida con codigo de falla P0100: C1869,Falla de sensores del sistema del vehiculo
Luz Check Engine encendida con codigo de falla P0100: C1870,Falla de sensores del sistema del vehiculo
Luz Check Engine encendida con codigo de falla P0100: C1871,Falla de sensores del sistema del vehiculo
Luz Check Engine encendida con codigo de falla P0100: C1872,Falla de sensores del sistema del vehiculo
Luz Check Engine encendida con codigo de falla P0100: C1873,Falla de sensores del sistema del vehiculo
Luz Check Engine encendida con codigo de falla P0100: C1874,Falla de sensores del sistema del vehiculo
Luz Check Engine encendida con codigo de falla P0100: C1875,Falla de sensores del sistema del vehiculo
Luz Check Engine encendida con codigo de falla P0100: C1876,Falla de sensores del sistema del vehiculo
Luz Check Engine encendida con codigo de falla P0100: C1877,Falla de sensores del sistema del vehiculo
Luz Check Engine encendida con codigo de falla P0100: C1878,Falla de sensores del sistema del vehiculo
Luz Check Engine encendida con codigo de falla P0100: C1879,Falla de sensores del sistema del vehiculo
Luz Check Engine encendida con codigo de falla P0100: C1880,Falla de sensores del sistema del vehiculo
Luz Check Engine encendida con codigo de falla P0100: C1881,Falla de sensores del sistema del vehiculo
Luz Check Engine encendida con codigo de falla P0100: C1882,Falla de sensores del sistema del vehiculo
Luz Check Engine encendida con codigo de falla P0100: C1883,Falla de sensores del sistema del vehiculo
Luz Check Engine encendida con codigo de falla P0100: C1884,Falla de sensores del sistema del vehiculo
Luz Check Engine encendida con codigo de falla P0100: C1885,Falla de sensores del sistema del vehiculo
Luz Check Engine encendida con codigo de falla P0100: C1886,Falla de sensores del sistema del vehiculo
Luz Check Engine encendida con codigo de falla P0100: C1887,Falla de sensores del sistema del vehiculo
Luz Check Engine encendida con codigo de falla P0100: C1888,Falla de sensores del sistema del vehiculo
Luz Check Engine encendida con codigo de falla P0100: C1889,Falla de sensores del sistema del vehiculo
Luz Check Engine encendida con codigo de falla P0100: C1890,Falla de sensores del sistema del vehiculo
Luz Check Engine encendida con codigo de falla P0100: C1891,Falla de sensores del sistema del vehiculo
Luz Check Engine encendida con codigo de falla P0100: C1892,Falla de sensores del sistema del vehiculo
Luz Check Engine encendida con codigo de falla P0100: C1893,Falla de sensores del sistema del vehiculo
Luz Check Engine encendida con codigo de falla P0100: C1894,Falla de sensores del sistema del vehiculo
Luz Check Engine encendida con codigo de falla P0100: C1895,Falla de sensores del sistema del vehiculo
Luz Check Engine encendida con codigo de falla P0100: C1896,Falla de sensores del sistema del vehiculo
Luz Check Engine encendida con codigo de falla P0100: C1897,Falla de sensores del sistema del vehiculo
Luz Check Engine encendida con codigo de falla P0100: C1898,Falla de sensores del sistema del vehiculo
Luz Check Engine encendida con codigo de falla P0100: C1899,Falla de sensores del sistema del vehiculo
Luz Check Engine encendida con codigo de falla P0100: C1900,Falla de sensores del sistema del vehiculo
Luz Check Engine encendida con codigo de falla P0100: C1901,Falla de sensores del sistema del vehiculo
Luz Check Engine encendida con codigo de falla P0100: C1902,Falla de sensores del sistema del vehiculo
Luz Check Engine encendida con codigo de falla P0100: C1903,Falla de sensores del sistema del vehiculo
Luz Check Engine encendida con codigo de falla P0100: C1904,Falla de sensores del sistema del vehiculo
Luz Check Engine encendida con codigo de falla P0100: C1905,Falla de sensores del sistema del vehiculo
Luz Check Engine encendida con codigo de falla P0100: C1906,Falla de sensores del sistema del vehiculo
Luz Check Engine encendida con codigo de falla P0100: C1907,Falla de sensores del sistema del vehiculo
Luz Check Engine encendida con codigo de falla P0100: C1908,Falla de sensores del sistema del vehiculo
Luz Check Engine encendida con codigo de falla P0100: C1909,Falla de sensores del sistema del vehiculo
Luz Check Engine encendida con codigo de falla P0100: C1910,Falla de sensores del sistema del vehiculo
Luz Check Engine encendida con codigo de falla P0100: C1911,Falla de sensores del sistema del vehiculo
Luz Check Engine encendida con codigo de falla P0100: C1912,Falla de sensores del sistema del vehiculo
Luz Check Engine encendida con codigo de falla P0100: C1913,Falla de sensores del sistema del vehiculo
Luz Check Engine encendida con codigo de falla P0100: C1914,Falla de sensores del sistema del vehiculo
Luz Check Engine encendida con codigo de falla P0100: C1915,Falla de sensores del sistema del vehiculo
Luz Check Engine encendida con codigo de falla P0100: C1916,Falla de sensores del sistema del vehiculo
Luz Check Engine encendida con codigo de falla P0100: C1917,Falla de sensores del sistema del vehiculo
Luz Check Engine encendida con codigo de falla P0100: C1918,Falla de sensores del sistema del vehiculo
Luz Check Engine encendida con codigo de falla P0100: C1920,Falla de sensores del sistema del vehiculo
Luz Check Engine encendida con codigo de falla P0100: C1921,Falla de sensores del sistema del vehiculo
Luz Check Engine encendida con codigo de falla P0100: C1922,Falla de sensores del sistema del vehiculo
Luz Check Engine encendida con codigo de falla P0100: C1923,Falla de sensores del sistema del vehiculo
Luz Check Engine encendida con codigo de falla P0100: C1924,Falla de sensores del sistema del vehiculo
Luz Check Engine encendida con codigo de falla P0100: C1925,Falla de sensores del sistema del vehiculo
Luz Check Engine encendida con codigo de falla P0100: C1926,Falla de sensores del sistema del vehiculo
Luz Check Engine encendida con codigo de falla P0100: C1927,Falla de sensores del sistema del vehiculo
Luz Check Engine encendida con codigo de falla P0100: C1928,Falla de sensores del sistema del vehiculo
Luz Check Engine encendida con codigo de falla P0100: C1929,Falla de sensores del sistema del vehiculo
Luz Check Engine encendida con codigo de falla P0100: C1930,Falla de sensores del sistema del vehiculo
Luz Check Engine encendida con codigo de falla P0100: C1931,Falla de sensores del sistema del vehiculo
Luz Check Engine encendida con codigo de falla P0100: C1932,Falla de sensores del sistema del vehiculo
Luz Check Engine encendida con codigo de falla P0100: C1933,Falla de sensores del sistema del vehiculo
Luz Check Engine encendida con codigo de falla P0100: C1934,Falla de sensores del sistema del vehiculo
Luz Check Engine encendida con codigo de falla P0100: C1935,Falla de sensores del sistema del vehiculo
Luz Check Engine encendida con codigo de falla P0100: C1936,Falla de sensores del sistema del vehiculo
Luz Check Engine encendida con codigo de falla P0100: C1937,Falla de sensores del sistema del vehiculo
Luz Check Engine encendida con codigo de falla P0100: C1938,Falla de sensores del sistema del vehiculo
Luz Check Engine encendida con codigo de falla P0100: C1939,Falla de sensores del sistema del vehiculo
Luz Check Engine encendida con codigo de falla P0100: C1940,Falla de sensores del sistema del vehiculo
Luz Check Engine encendida con codigo de falla P0100: C1942,Falla de sensores del sistema del vehiculo
Luz Check Engine encendida con codigo de falla P0100: C1943,Falla de sensores del sistema del vehiculo
Luz Check Engine encendida con codigo de falla P0100: C1944,Falla de sensores del sistema del vehiculo
Luz Check Engine encendida con codigo de falla P0100: C1945,Falla de sensores del sistema del vehiculo
Luz Check Engine encendida con codigo de falla P0100: C1946,Falla de sensores del sistema del vehiculo
Luz Check Engine encendida con codigo de falla P0100: C1947,Falla de sensores del sistema del vehiculo
Luz Check Engine encendida con codigo de falla P0100: C1948,Falla de sensores del sistema del vehiculo
Luz Check Engine encendida con codigo de falla P0100: C1949,Falla de sensores del sistema del vehiculo
Luz Check Engine encendida con codigo de falla P0100: C1950,Falla de sensores del sistema del vehiculo
Luz Check Engine encendida con codigo de falla P0100: C1951,Falla de sensores del sistema del vehiculo
Luz Check Engine encendida con codigo de falla P0100: C1952,Falla de sensores del sistema del vehiculo
Luz Check Engine encendida con codigo de falla P0100: C1953,Falla de sensores del sistema del vehiculo
Luz Check Engine encendida con codigo de falla P0100: C1954,Falla de sensores del sistema del vehiculo
Luz Check Engine encendida con codigo de falla P0100: C1955,Falla de sensores del sistema del vehiculo
Luz Check Engine encendida con codigo de falla P0100: C1956,Falla de sensores del sistema del vehiculo
Luz Check Engine encendida con codigo de falla P0100: C1957,Falla de sensores del sistema del vehiculo
Luz Check Engine encendida con codigo de falla P0100: C1958,Falla de sensores del sistema del vehiculo
Luz Check Engine encendida con codigo de falla P0100: C1959,Falla de sensores del sistema del vehiculo
Luz Check Engine encendida con codigo de falla P0100: C1960,Falla de sensores del sistema del vehiculo
Luz Check Engine encendida con codigo de falla P0100: C1961,Falla de sensores del sistema del vehiculo
Luz Check Engine encendida con codigo de falla P0100: C1962,Falla de sensores del sistema del vehiculo
Luz Check Engine encendida con codigo de falla P0100: C1963,Falla de sensores del sistema del vehiculo
Luz Check Engine encendida con codigo de falla P0100: C2767,Falla de sensores del sistema del vehiculo
Luz Check Engine encendida con codigo de falla P0100: U1000,Falla de sensores del sistema del vehiculo
Luz Check Engine encendida con codigo de falla P0100: U1001,Falla de sensores del sistema del vehiculo
Luz Check Engine encendida con codigo de falla P0100: U1002,Falla de sensores del sistema del vehiculo
Luz Check Engine encendida con codigo de falla P0100: U1003,Falla de sensores del sistema del vehiculo
Luz Check Engine encendida con codigo de falla P0100: U1004,Falla de sensores del sistema del vehiculo
Luz Check Engine encendida con codigo de falla P0100: U1005,Falla de sensores del sistema del vehiculo
Luz Check Engine encendida con codigo de falla P0100: U1006,Falla de sensores del sistema del vehiculo
Luz Check Engine encendida con codigo de falla P0100: U1007,Falla de sensores del sistema del vehiculo
Luz Check Engine encendida con codigo de falla P0100: U1008,Falla de sensores del sistema del vehiculo
Luz Check Engine encendida con codigo de falla P0100: U1009,Falla de sensores del sistema del vehiculo
Luz Check Engine encendida con codigo de falla P0100: U1010,Falla de sensores del sistema del vehiculo
Luz Check Engine encendida con codigo de falla P0100: U1011,Falla de sensores del sistema del vehiculo
Luz Check Engine encendida con codigo de falla P0100: U1012,Falla de sensores del sistema del vehiculo
Luz Check Engine encendida con codigo de falla P0100: U1013,Falla de sensores del sistema del vehiculo
Luz Check Engine encendida con codigo de falla P0100: U1014,Falla de sensores del sistema del vehiculo
Luz Check Engine encendida con codigo de falla P0100: U1015,Falla de sensores del sistema del vehiculo
Luz Check Engine encendida con codigo de falla P0100: U1016,Falla de sensores del sistema del vehiculo
Luz Check Engine encendida con codigo de falla P0100: U1017,Falla de sensores del sistema del vehiculo
Luz Check Engine encendida con codigo de falla P0100: U1018,Falla de sensores del sistema del vehiculo
Luz Check Engine encendida con codigo de falla P0100: U1019,Falla de sensores del sistema del vehiculo
Luz Check Engine encendida con codigo de falla P0100: U1020,Falla de sensores del sistema del vehiculo
Luz Check Engine encendida con codigo de falla P0100: U1021,Falla de sensores del sistema del vehiculo
Luz Check Engine encendida con codigo de falla P0100: U1022,Falla de sensores del sistema del vehiculo
Luz Check Engine encendida con codigo de falla P0100: U1023,Falla de sensores del sistema del vehiculo
Luz Check Engine encendida con codigo de falla P0100: U1024,Falla de sensores del sistema del vehiculo
Luz Check Engine encendida con codigo de falla P0100: U1025,Falla de sensores del sistema del vehiculo
Luz Check Engine encendida con codigo de falla P0100: U1026,Falla de sensores del sistema del vehiculo
Luz Check Engine encendida con codigo de falla P0100: U1027,Falla de sensores del sistema del vehiculo
Luz Check Engine encendida con codigo de falla P0100: U1028,Falla de sensores del sistema del vehiculo
Luz Check Engine encendida con codigo de falla P0100: U1029,Falla de sensores del sistema del vehiculo
Luz Check Engine encendida con codigo de falla P0100: U1030,Falla de sensores del sistema del vehiculo
Luz Check Engine encendida con codigo de falla P0100: U1031,Falla de sensores del sistema del vehiculo
Luz Check Engine encendida con codigo de falla P0100: U1032,Falla de sensores del sistema del vehiculo
Luz Check Engine encendida con codigo de falla P0100: U1033,Falla de sensores del sistema del vehiculo
Luz Check Engine encendida con codigo de falla P0100: U1034,Falla de sensores del sistema del vehiculo
Luz Check Engine encendida con codigo de falla P0100: U1035,Falla de sensores del sistema del vehiculo
Luz Check Engine encendida con codigo de falla P0100: U1036,Falla de sensores del sistema del vehiculo
Luz Check Engine encendida con codigo de falla P0100: U1037,Falla de sensores del sistema del vehiculo
Luz Check Engine encendida con codigo de falla P0100: U1038,Falla de sensores del sistema del vehiculo
Luz Check Engine encendida con codigo de falla P0100: U1039,Falla de sensores del sistema del vehiculo
Luz Check Engine encendida con codigo de falla P0100: U1040,Falla de sensores del sistema del vehiculo
Luz Check Engine encendida con codigo de falla P0100: U1041,Falla de sensores del sistema del vehiculo
Luz Check Engine encendida con codigo de falla P0100: U1042,Falla de sensores del sistema del vehiculo
Luz Check Engine encendida con codigo de falla P0100: U1043,Falla de sensores del sistema del vehiculo
Luz Check Engine encendida con codigo de falla P0100: U1044,Falla de sensores del sistema del vehiculo
Luz Check Engine encendida con codigo de falla P0100: U1045,Falla de sensores del sistema del vehiculo
Luz Check Engine encendida con codigo de falla P0100: U1046,Falla de sensores del sistema del vehiculo
Luz Check Engine encendida con codigo de falla P0100: U1047,Falla de sensores del sistema del vehiculo
Luz Check Engine encendida con codigo de falla P0100: U1048,Falla de sensores del sistema del vehiculo
Luz Check Engine encendida con codigo de falla P0100: U1049,Falla de sensores del sistema del vehiculo
Luz Check Engine encendida con codigo de falla P0100: U1050,Falla de sensores del sistema del vehiculo
Luz Check Engine encendida con codigo de falla P0100: U1051,Falla de sensores del sistema del vehiculo
Luz Check Engine encendida con codigo de falla P0100: U1052,Falla de sensores del sistema del vehiculo
Luz Check Engine encendida con codigo de falla P0100: U1053,Falla de sensores del sistema del vehiculo
Luz Check Engine encendida con codigo de falla P0100: U1054,Falla de sensores del sistema del vehiculo
Luz Check Engine encendida con codigo de falla P0100: U1055,Falla de sensores del sistema del vehiculo
Luz Check Engine encendida con codigo de falla P0100: U1056,Falla de sensores del sistema del vehiculo
Luz Check Engine encendida con codigo de falla P0100: U1057,Falla de sensores del sistema del vehiculo
Luz Check Engine encendida con codigo de falla P0100: U1058,Falla de sensores del sistema del vehiculo
Luz Check Engine encendida con codigo de falla P0100: U1059,Falla de sensores del sistema del vehiculo
Luz Check Engine encendida con codigo de falla P0100: U1060,Falla de sensores del sistema del vehiculo
Luz Check Engine encendida con codigo de falla P0100: U1061,Falla de sensores del sistema del vehiculo
Luz Check Engine encendida con codigo de falla P0100: U1062,Falla de sensores del sistema del vehiculo
Luz Check Engine encendida con codigo de falla P0100: U1063,Falla de sensores del sistema del vehiculo
Luz Check Engine encendida con codigo de falla P0100: U1064,Falla de sensores del sistema del vehiculo
Luz Check Engine encendida con codigo de falla P0100: U1065,Falla de sensores del sistema del vehiculo
Luz Check Engine encendida con codigo de falla P0100: U1066,Falla de sensores del sistema del vehiculo
Luz Check Engine encendida con codigo de falla P0100: U1067,Falla de sensores del sistema del vehiculo
Luz Check Engine encendida con codigo de falla P0100: U1068,Falla de sensores del sistema del vehiculo
Luz Check Engine encendida con codigo de falla P0100: U1069,Falla de sensores del sistema del vehiculo
Luz Check Engine encendida con codigo de falla P0100: U1070,Falla de sensores del sistema del vehiculo
Luz Check Engine encendida con codigo de falla P0100: U1071,Falla de sensores del sistema del vehiculo
Luz Check Engine encendida con codigo de falla P0100: U1072,Falla de sensores del sistema del vehiculo
Luz Check Engine encendida con codigo de falla P0100: U1073,Falla de sensores del sistema del vehiculo
Luz Check Engine encendida con codigo de falla P0100: U1074,Falla de sensores del sistema del vehiculo
Luz Check Engine encendida con codigo de falla P0100: U1075,Falla de sensores del sistema del vehiculo
Luz Check Engine encendida con codigo de falla P0100: U1076,Falla de sensores del sistema del vehiculo
Luz Check Engine encendida con codigo de falla P0100: U1077,Falla de sensores del sistema del vehiculo
Luz Check Engine encendida con codigo de falla P0100: U1078,Falla de sensores del sistema del vehiculo
Luz Check Engine encendida con codigo de falla P0100: U1079,Falla de sensores del sistema del vehiculo
Luz Check Engine encendida con codigo de falla P0100: U1080,Falla de sensores del sistema del vehiculo
Luz Check Engine encendida con codigo de falla P0100: U1081,Falla de sensores del sistema del vehiculo
Luz Check Engine encendida con codigo de falla P0100: U1082,Falla de sensores del sistema del vehiculo
Luz Check Engine encendida con codigo de falla P0100: U1083,Falla de sensores del sistema del vehiculo
Luz Check Engine encendida con codigo de falla P0100: U1084,Falla de sensores del sistema del vehiculo
Luz Check Engine encendida con codigo de falla P0100: U1085,Falla de sensores del sistema del vehiculo
Luz Check Engine encendida con codigo de falla P0100: U1086,Falla de sensores del sistema del vehiculo
Luz Check Engine encendida con codigo de falla P0100: U1087,Falla de sensores del sistema del vehiculo
Luz Check Engine encendida con codigo de falla P0100: U1088,Falla de sensores del sistema del vehiculo
Luz Check Engine encendida con codigo de falla P0100: U1089,Falla de sensores del sistema del vehiculo
Luz Check Engine encendida con codigo de falla P0100: U1090,Falla de sensores del sistema del vehiculo
Luz Check Engine encendida con codigo de falla P0100: U1091,Falla de sensores del sistema del vehiculo
Luz Check Engine encendida con codigo de falla P0100: U1092,Falla de sensores del sistema del vehiculo
Luz Check Engine encendida con codigo de falla P0100: U1093,Falla de sensores del sistema del vehiculo
Luz Check Engine encendida con codigo de falla P0100: U1094,Falla de sensores del sistema del vehiculo
Luz Check Engine encendida con codigo de falla P0100: U1095,Falla de sensores del sistema del vehiculo
Luz Check Engine encendida con codigo de falla P0100: U1096,Falla de sensores del sistema del vehiculo
Luz Check Engine encendida con codigo de falla P0100: U1097,Falla de sensores del sistema del vehiculo
Luz Check Engine encendida con codigo de falla P0100: U1098,Falla de sensores del sistema del vehiculo
Luz Check Engine encendida con codigo de falla P0100: U1099,Falla de sensores del sistema del vehiculo
Luz Check Engine encendida con codigo de falla P0100: U1100,Falla de sensores del sistema del vehiculo
Luz Check Engine encendida con codigo de falla P0100: U1101,Falla de sensores del sistema del vehiculo
Luz Check Engine encendida con codigo de falla P0100: U1102,Falla de sensores del sistema del vehiculo
Luz Check Engine encendida con codigo de falla P0100: U1103,Falla de sensores del sistema del vehiculo
Luz Check Engine encendida con codigo de falla P0100: U1104,Falla de sensores del sistema del vehiculo
Luz Check Engine encendida con codigo de falla P0100: U1105,Falla de sensores del sistema del vehiculo
Luz Check Engine encendida con codigo de falla P0100: U1106,Falla de sensores del sistema del vehiculo
Luz Check Engine encendida con codigo de falla P0100: U1107,Falla de sensores del sistema del vehiculo
Luz Check Engine encendida con codigo de falla P0100: U1108,Falla de sensores del sistema del vehiculo
Luz Check Engine encendida con codigo de falla P0100: U1109,Falla de sensores del sistema del vehiculo
Luz Check Engine encendida con codigo de falla P0100: U1110,Falla de sensores del sistema del vehiculo
Luz Check Engine encendida con codigo de falla P0100: U1111,Falla de sensores del sistema del vehiculo
Luz Check Engine encendida con codigo de falla P0100: U1112,Falla de sensores del sistema del vehiculo
Luz Check Engine encendida con codigo de falla P0100: U1113,Falla de sensores del sistema del vehiculo
Luz Check Engine encendida con codigo de falla P0100: U1114,Falla de sensores del sistema del vehiculo
Luz Check Engine encendida con codigo de falla P0100: U1115,Falla de sensores del sistema del vehiculo
Luz Check Engine encendida con codigo de falla P0100: U1116,Falla de sensores del sistema del vehiculo
Luz Check Engine encendida con codigo de falla P0100: U1117,Falla de sensores del sistema del vehiculo
Luz Check Engine encendida con codigo de falla P0100: U1118,Falla de sensores del sistema del vehiculo
Luz Check Engine encendida con codigo de falla P0100: U1119,Falla de sensores del sistema del vehiculo
Luz Check Engine encendida con codigo de falla P0100: U1120,Falla de sensores del sistema del vehiculo
Luz Check Engine encendida con codigo de falla P0100: U1121,Falla de sensores del sistema del vehiculo
Luz Check Engine encendida con codigo de falla P0100: U1122,Falla de sensores del sistema del vehiculo
Luz Check Engine encendida con codigo de falla P0100: U1123,Falla de sensores del sistema del vehiculo
Luz Check Engine encendida con codigo de falla P0100: U1124,Falla de sensores del sistema del vehiculo
Luz Check Engine encendida con codigo de falla P0100: U1125,Falla de sensores del sistema del vehiculo
Luz Check Engine encendida con codigo de falla P0100: U1126,Falla de sensores del sistema del vehiculo
Luz Check Engine encendida con codigo de falla P0100: U1127,Falla de sensores del sistema del vehiculo
Luz Check Engine encendida con codigo de falla P0100: U1128,Falla de sensores del sistema del vehiculo
Luz Check Engine encendida con codigo de falla P0100: U1129,Falla de sensores del sistema del vehiculo
Luz Check Engine encendida con codigo de falla P0100: U1130,Falla de sensores del sistema del vehiculo
Luz Check Engine encendida con codigo de falla P0100: U1131,Falla de sensores del sistema del vehiculo
Luz Check Engine encendida con codigo de falla P0100: U1132,Falla de sensores del sistema del vehiculo
Luz Check Engine encendida con codigo de falla P0100: U1133,Falla de sensores del sistema del vehiculo
Luz Check Engine encendida con codigo de falla P0100: U1134,Falla de sensores del sistema del vehiculo
Luz Check Engine encendida con codigo de falla P0100: U1135,Falla de sensores del sistema del vehiculo
Luz Check Engine encendida con codigo de falla P0100: U1136,Falla de sensores del sistema del vehiculo
Luz Check Engine encendida con codigo de falla P0100: U1137,Falla de sensores del sistema del vehiculo
Luz Check Engine encendida con codigo de falla P0100: U1138,Falla de sensores del sistema del vehiculo
Luz Check Engine encendida con codigo de falla P0100: U1139,Falla de sensores del sistema del vehiculo
Luz Check Engine encendida con codigo de falla P0100: U1140,Falla de sensores del sistema del vehiculo
Luz Check Engine encendida con codigo de falla P0100: U1141,Falla de sensores del sistema del vehiculo
Luz Check Engine encendida con codigo de falla P0100: U1142,Falla de sensores del sistema del vehiculo
Luz Check Engine encendida con codigo de falla P0100: U1143,Falla de sensores del sistema del vehiculo
Luz Check Engine encendida con codigo de falla P0100: U1144,Falla de sensores del sistema del vehiculo
Luz Check Engine encendida con codigo de falla P0100: U1145,Falla de sensores del sistema del vehiculo
Luz Check Engine encendida con codigo de falla P0100: U1146,Falla de sensores del sistema del vehiculo
Luz Check Engine encendida con codigo de falla P0100: U1147,Falla de sensores del sistema del vehiculo
Luz Check Engine encendida con codigo de falla P0100: U1148,Falla de sensores del sistema del vehiculo
Luz Check Engine encendida con codigo de falla P0100: U1149,Falla de sensores del sistema del vehiculo
Luz Check Engine encendida con codigo de falla P0100: U1150,Falla de sensores del sistema del vehiculo
Luz Check Engine encendida con codigo de falla P0100: U1151,Falla de sensores del sistema del vehiculo
Luz Check Engine encendida con codigo de falla P0100: U1152,Falla de sensores del sistema del vehiculo
Luz Check Engine encendida con codigo de falla P0100: U1153,Falla de sensores del sistema del vehiculo
Luz Check Engine encendida con codigo de falla P0100: U1154,Falla de sensores del sistema del vehiculo
Luz Check Engine encendida con codigo de falla P0100: U1155,Falla de sensores del sistema del vehiculo
Luz Check Engine encendida con codigo de falla P0100: U1156,Falla de sensores del sistema del vehiculo
Luz Check Engine encendida con codigo de falla P0100: U1157,Falla de sensores del sistema del vehiculo
Luz Check Engine encendida con codigo de falla P0100: U1158,Falla de sensores del sistema del vehiculo
Luz Check Engine encendida con codigo de falla P0100: U1159,Falla de sensores del sistema del vehiculo
Luz Check Engine encendida con codigo de falla P0100: U1160,Falla de sensores del sistema del vehiculo
Luz Check Engine encendida con codigo de falla P0100: U1161,Falla de sensores del sistema del vehiculo
Luz Check Engine encendida con codigo de falla P0100: U1162,Falla de sensores del sistema del vehiculo
Luz Check Engine encendida con codigo de falla P0100: U1163,Falla de sensores del sistema del vehiculo
Luz Check Engine encendida con codigo de falla P0100: U1164,Falla de sensores del sistema del vehiculo
Luz Check Engine encendida con codigo de falla P0100: U1165,Falla de sensores del sistema del vehiculo
Luz Check Engine encendida con codigo de falla P0100: U1166,Falla de sensores del sistema del vehiculo
Luz Check Engine encendida con codigo de falla P0100: U1167,Falla de sensores del sistema del vehiculo
Luz Check Engine encendida con codigo de falla P0100: U1168,Falla de sensores del sistema del vehiculo
Luz Check Engine encendida con codigo de falla P0100: U1169,Falla de sensores del sistema del vehiculo
Luz Check Engine encendida con codigo de falla P0100: U1170,Falla de sensores del sistema del vehiculo
Luz Check Engine encendida con codigo de falla P0100: U1171,Falla de sensores del sistema del vehiculo
Luz Check Engine encendida con codigo de falla P0100: U1172,Falla de sensores del sistema del vehiculo
Luz Check Engine encendida con codigo de falla P0100: U1173,Falla de sensores del sistema del vehiculo
Luz Check Engine encendida con codigo de falla P0100: U1174,Falla de sensores del sistema del vehiculo
Luz Check Engine encendida con codigo de falla P0100: U1175,Falla de sensores del sistema del vehiculo
Luz Check Engine encendida con codigo de falla P0100: U1176,Falla de sensores del sistema del vehiculo
Luz Check Engine encendida con codigo de falla P0100: U1177,Falla de sensores del sistema del vehiculo
Luz Check Engine encendida con codigo de falla P0100: U1178,Falla de sensores del sistema del vehiculo
Luz Check Engine encendida con codigo de falla P0100: U1179,Falla de sensores del sistema del vehiculo
Luz Check Engine encendida con codigo de falla P0100: U1180,Falla de sensores del sistema del vehiculo
Luz Check Engine encendida con codigo de falla P0100: U1181,Falla de sensores del sistema del vehiculo
Luz Check Engine encendida con codigo de falla P0100: U1182,Falla de sensores del sistema del vehiculo
Luz Check Engine encendida con codigo de falla P0100: U1183,Falla de sensores del sistema del vehiculo
Luz Check Engine encendida con codigo de falla P0100: U1184,Falla de sensores del sistema del vehiculo
Luz Check Engine encendida con codigo de falla P0100: U1185,Falla de sensores del sistema del vehiculo
Luz Check Engine encendida con codigo de falla P0100: U1186,Falla de sensores del sistema del vehiculo
Luz Check Engine encendida con codigo de falla P0100: U1187,Falla de sensores del sistema del vehiculo
Luz Check Engine encendida con codigo de falla P0100: U1188,Falla de sensores del sistema del vehiculo
Luz Check Engine encendida con codigo de falla P0100: U1189,Falla de sensores del sistema del vehiculo
Luz Check Engine encendida con codigo de falla P0100: U1190,Falla de sensores del sistema del vehiculo
Luz Check Engine encendida con codigo de falla P0100: U1191,Falla de sensores del sistema del vehiculo
Luz Check Engine encendida con codigo de falla P0100: U1192,Falla de sensores del sistema del vehiculo
Luz Check Engine encendida con codigo de falla P0100: U1193,Falla de sensores del sistema del vehiculo
Luz Check Engine encendida con codigo de falla P0100: U1194,Falla de sensores del sistema del vehiculo
Luz Check Engine encendida con codigo de falla P0100: U1195,Falla de sensores del sistema del vehiculo
Luz Check Engine encendida con codigo de falla P0100: U1196,Falla de sensores del sistema del vehiculo
Luz Check Engine encendida con codigo de falla P0100: U1197,Falla de sensores del sistema del vehiculo
Luz Check Engine encendida con codigo de falla P0100: U1198,Falla de sensores del sistema del vehiculo
Luz Check Engine encendida con codigo de falla P0100: U1199,Falla de sensores del sistema del vehiculo
Luz Check Engine encendida con codigo de falla P0100: U1200,Falla de sensores del sistema del vehiculo
Luz Check Engine encendida con codigo de falla P0100: U1201,Falla de sensores del sistema del vehiculo
Luz Check Engine encendida con codigo de falla P0100: U1202,Falla de sensores del sistema del vehiculo
Luz Check Engine encendida con codigo de falla P0100: U1203,Falla de sensores del sistema del vehiculo
Luz Check Engine encendida con codigo de falla P0100: U1204,Falla de sensores del sistema del vehiculo
Luz Check Engine encendida con codigo de falla P0100: U1205,Falla de sensores del sistema del vehiculo
Luz Check Engine encendida con codigo de falla P0100: U1206,Falla de sensores del sistema del vehiculo
Luz Check Engine encendida con codigo de falla P0100: U1207,Falla de sensores del sistema del vehiculo
Luz Check Engine encendida con codigo de falla P0100: U1208,Falla de sensores del sistema del vehiculo
Luz Check Engine encendida con codigo de falla P0100: U1209,Falla de sensores del sistema del vehiculo
Luz Check Engine encendida con codigo de falla P0100: U1210,Falla de sensores del sistema del vehiculo
Luz Check Engine encendida con codigo de falla P0100: U1211,Falla de sensores del sistema del vehiculo
Luz Check Engine encendida con codigo de falla P0100: U1212,Falla de sensores del sistema del vehiculo
Luz Check Engine encendida con codigo de falla P0100: U1213,Falla de sensores del sistema del vehiculo
Luz Check Engine encendida con codigo de falla P0100: U1214,Falla de sensores del sistema del vehiculo
Luz Check Engine encendida con codigo de falla P0100: U1215,Falla de sensores del sistema del vehiculo
Luz Check Engine encendida con codigo de falla P0100: U1216,Falla de sensores del sistema del vehiculo
Luz Check Engine encendida con codigo de falla P0100: U1217,Falla de sensores del sistema del vehiculo
Luz Check Engine encendida con codigo de falla P0100: U1218,Falla de sensores del sistema del vehiculo
Luz Check Engine encendida con codigo de falla P0100: U1219,Falla de sensores del sistema del vehiculo
Luz Check Engine encendida con codigo de falla P0100: U1220,Falla de sensores del sistema del vehiculo
Luz Check Engine encendida con codigo de falla P0100: U1221,Falla de sensores del sistema del vehiculo
Luz Check Engine encendida con codigo de falla P0100: U1222,Falla de sensores del sistema del vehiculo
Luz Check Engine encendida con codigo de falla P0100: U1223,Falla de sensores del sistema del vehiculo
Luz Check Engine encendida con codigo de falla P0100: U1224,Falla de sensores del sistema del vehiculo
Luz Check Engine encendida con codigo de falla P0100: U1225,Falla de sensores del sistema del vehiculo
Luz Check Engine encendida con codigo de falla P0100: U1226,Falla de sensores del sistema del vehiculo
Luz Check Engine encendida con codigo de falla P0100: U1227,Falla de sensores del sistema del vehiculo
Luz Check Engine encendida con codigo de falla P0100: U1228,Falla de sensores del sistema del vehiculo
Luz Check Engine encendida con codigo de falla P0100: U1229,Falla de sensores del sistema del vehiculo
Luz Check Engine encendida con codigo de falla P0100: U1230,Falla de sensores del sistema del vehiculo
Luz Check Engine encendida con codigo de falla P0100: U1231,Falla de sensores del sistema del vehiculo
Luz Check Engine encendida con codigo de falla P0100: U1232,Falla de sensores del sistema del vehiculo
Luz Check Engine encendida con codigo de falla P0100: U1233,Falla de sensores del sistema del vehiculo
Luz Check Engine encendida con codigo de falla P0100: U1234,Falla de sensores del sistema del vehiculo
Luz Check Engine encendida con codigo de falla P0100: U1235,Falla de sensores del sistema del vehiculo
Luz Check Engine encendida con codigo de falla P0100: U1236,Falla de sensores del sistema del vehiculo
Luz Check Engine encendida con codigo de falla P0100: U1237,Falla de sensores del sistema del vehiculo
Luz Check Engine encendida con codigo de falla P0100: U1238,Falla de sensores del sistema del vehiculo
Luz Check Engine encendida con codigo de falla P0100: U1239,Falla de sensores del sistema del vehiculo
Luz Check Engine encendida con codigo de falla P0100: U1240,Falla de sensores del sistema del vehiculo
Luz Check Engine encendida con codigo de falla P0100: U1241,Falla de sensores del sistema del vehiculo
Luz Check Engine encendida con codigo de falla P0100: U1242,Falla de sensores del sistema del vehiculo
Luz Check Engine encendida con codigo de falla P0100: U1243,Falla de sensores del sistema del vehiculo
Luz Check Engine encendida con codigo de falla P0100: U1244,Falla de sensores del sistema del vehiculo
Luz Check Engine encendida con codigo de falla P0100: U1245,Falla de sensores del sistema del vehiculo
Luz Check Engine encendida con codigo de falla P0100: U1246,Falla de sensores del sistema del vehiculo
Luz Check Engine encendida con codigo de falla P0100: U1247,Falla de sensores del sistema del vehiculo
Luz Check Engine encendida con codigo de falla P0100: U1248,Falla de sensores del sistema del vehiculo
Luz Check Engine encendida con codigo de falla P0100: U1249,Falla de sensores del sistema del vehiculo
Luz Check Engine encendida con codigo de falla P0100: U1250,Falla de sensores del sistema del vehiculo
Luz Check Engine encendida con codigo de falla P0100: U1251,Falla de sensores del sistema del vehiculo
Luz Check Engine encendida con codigo de falla P0100: U1252,Falla de sensores del sistema del vehiculo
Luz Check Engine encendida con codigo de falla P0100: U1253,Falla de sensores del sistema del vehiculo
Luz Check Engine encendida con codigo de falla P0100: U1254,Falla de sensores del sistema del vehiculo
Luz Check Engine encendida con codigo de falla P0100: U1255,Falla de sensores del sistema del vehiculo
Luz Check Engine encendida con codigo de falla P0100: U1260,Falla de sensores del sistema del vehiculo
Luz Check Engine encendida con codigo de falla P0100: U1261,Falla de sensores del sistema del vehiculo
Luz Check Engine encendida con codigo de falla P0100: U1262,Falla de sensores del sistema del vehiculo
Luz Check Engine encendida con codigo de falla P0100: U1308,Falla de sensores del sistema del vehiculo
Luz Check Engine encendida con codigo de falla P0100: U1341,Falla de sensores del sistema del vehiculo
Luz Check Engine encendida con codigo de falla P0100: U1430,Falla de sensores del sistema del vehiculo
Luz Check Engine encendida con codigo de falla P0100: U1451,Falla de sensores del sistema del vehiculo
Luz Check Engine encendida con codigo de falla P0100: U1612,Falla de sensores del sistema del vehiculo
Luz Check Engine encendida con codigo de falla P0100: U1736,Falla de sensores del sistema del vehiculo
Luz Check Engine encendida con codigo de falla P0100: U1750,Falla de sensores del sistema del vehiculo
Luz Check Engine encendida con codigo de falla P0100: U1794,Falla de sensores del sistema del vehiculo
Luz Check Engine encendida con codigo de falla P0100: U1797,Falla de sensores del sistema del vehiculo
Luz Check Engine encendida con codigo de falla P0100: U1798,Falla de sensores del sistema del vehiculo
Luz Check Engine encendida con codigo de falla P0100: U1806,Falla de sensores del sistema del vehiculo
Luz Check Engine encendida con codigo de falla P0100: U1900,Falla de sensores del sistema del vehiculo
Luz Check Engine encendida con codigo de falla P0100: U1950,Falla de sensores del sistema del vehiculo
Luz Check Engine encendida con codigo de falla P0100: U2000,Falla de sensores del sistema del vehiculo
Luz Check Engine encendida con codigo de falla P0100: U2001,Falla de sensores del sistema del vehiculo
Luz Check Engine encendida con codigo de falla P0100: U2002,Falla de sensores del sistema del vehiculo
Luz Check Engine encendida con codigo de falla P0100: U2003,Falla de sensores del sistema del vehiculo
Luz Check Engine encendida con codigo de falla P0100: U2004,Falla de sensores del sistema del vehiculo
Luz Check Engine encendida con codigo de falla P0100: U2005,Falla de sensores del sistema del vehiculo
Luz Check Engine encendida con codigo de falla P0100: U2006,Falla de sensores del sistema del vehiculo
Luz Check Engine encendida con codigo de falla P0100: U2007,Falla de sensores del sistema del vehiculo
Luz Check Engine encendida con codigo de falla P0100: U2008,Falla de sensores del sistema del vehiculo
Luz Check Engine encendida con codigo de falla P0100: U2009,Falla de sensores del sistema del vehiculo
Luz Check Engine encendida con codigo de falla P0100: U2010,Falla de sensores del sistema del vehiculo
Luz Check Engine encendida con codigo de falla P0100: U2011,Falla de sensores del sistema del vehiculo
Luz Check Engine encendida con codigo de falla P0100: U2012,Falla de sensores del sistema del vehiculo
Luz Check Engine encendida con codigo de falla P0100: U2013,Falla de sensores del sistema del vehiculo
Luz Check Engine encendida con codigo de falla P0100: U2014,Falla de sensores del sistema del vehiculo
Luz Check Engine encendida con codigo de falla P0100: U2015,Falla de sensores del sistema del vehiculo
Luz Check Engine encendida con codigo de falla P0100: U2016,Falla de sensores del sistema del vehiculo
Luz Check Engine encendida con codigo de falla P0100: U2017,Falla de sensores del sistema del vehiculo
Luz Check Engine encendida con codigo de falla P0100: U2018,Falla de sensores del sistema del vehiculo
Luz Check Engine encendida con codigo de falla P0100: U2019,Falla de sensores del sistema del vehiculo
Luz Check Engine encendida con codigo de falla P0100: U2020,Falla de sensores del sistema del vehiculo
Luz Check Engine encendida con codigo de falla P0100: U2021,Falla de sensores del sistema del vehiculo
Luz Check Engine encendida con codigo de falla P0100: U2150,Falla de sensores del sistema del vehiculo
Luz Check Engine encendida con codigo de falla P0100: U2152,Falla de sensores del sistema del vehiculo
Luz Check Engine encendida con codigo de falla P0100: U2160,Falla de sensores del sistema del vehiculo
Luz Check Engine encendida con codigo de falla P0100: U2195,Falla de sensores del sistema del vehiculo
Luz Check Engine encendida con codigo de falla P0100: U2500,Falla de sensores del sistema del vehiculo
